/*
 Navicat Premium Dump SQL

 Source Server         : 127.0.0.1(admin)
 Source Server Type    : MySQL
 Source Server Version : 80039 (8.0.39)
 Source Host           : 127.0.0.1:3306
 Source Schema         : ry

 Target Server Type    : MySQL
 Target Server Version : 80039 (8.0.39)
 File Encoding         : 65001

 Date: 15/04/2025 21:28:02
*/

SET NAMES utf8mb4;
SET FOREIGN_KEY_CHECKS = 0;

-- ----------------------------
-- Table structure for gen_table
-- ----------------------------
DROP TABLE IF EXISTS `gen_table`;
CREATE TABLE `gen_table` (
  `table_id` bigint NOT NULL AUTO_INCREMENT COMMENT '编号',
  `schema_name` varchar(255) COLLATE utf8mb4_general_ci DEFAULT NULL,
  `table_name` varchar(200) COLLATE utf8mb4_general_ci DEFAULT '' COMMENT '表名称',
  `table_comment` varchar(500) COLLATE utf8mb4_general_ci DEFAULT '' COMMENT '表描述',
  `sub_table_name` varchar(64) COLLATE utf8mb4_general_ci DEFAULT NULL COMMENT '关联子表的表名',
  `sub_table_fk_name` varchar(64) COLLATE utf8mb4_general_ci DEFAULT NULL COMMENT '子表关联的外键名',
  `class_name` varchar(100) COLLATE utf8mb4_general_ci DEFAULT '' COMMENT '实体类名称',
  `tpl_category` varchar(200) COLLATE utf8mb4_general_ci DEFAULT 'crud' COMMENT '使用的模板（crud单表操作 tree树表操作）',
  `tpl_web_type` varchar(30) COLLATE utf8mb4_general_ci DEFAULT '' COMMENT '前端模板类型（element-ui模版 element-plus模版）',
  `package_name` varchar(100) COLLATE utf8mb4_general_ci DEFAULT NULL COMMENT '生成包路径',
  `module_name` varchar(30) COLLATE utf8mb4_general_ci DEFAULT NULL COMMENT '生成模块名',
  `business_name` varchar(30) COLLATE utf8mb4_general_ci DEFAULT NULL COMMENT '生成业务名',
  `function_name` varchar(50) COLLATE utf8mb4_general_ci DEFAULT NULL COMMENT '生成功能名',
  `function_author` varchar(50) COLLATE utf8mb4_general_ci DEFAULT NULL COMMENT '生成功能作者',
  `gen_type` char(1) COLLATE utf8mb4_general_ci DEFAULT '0' COMMENT '生成代码方式（0zip压缩包 1自定义路径）',
  `gen_path` varchar(200) COLLATE utf8mb4_general_ci DEFAULT '/' COMMENT '生成路径（不填默认项目路径）',
  `options` varchar(1000) COLLATE utf8mb4_general_ci DEFAULT NULL COMMENT '其它生成选项',
  `create_by` varchar(64) COLLATE utf8mb4_general_ci DEFAULT '' COMMENT '创建者',
  `create_time` datetime DEFAULT NULL COMMENT '创建时间',
  `update_by` varchar(64) COLLATE utf8mb4_general_ci DEFAULT '' COMMENT '更新者',
  `update_time` datetime DEFAULT NULL COMMENT '更新时间',
  `remark` varchar(500) COLLATE utf8mb4_general_ci DEFAULT NULL COMMENT '备注',
  PRIMARY KEY (`table_id`)
) ENGINE=InnoDB AUTO_INCREMENT=51 DEFAULT CHARSET=utf8mb4 COLLATE=utf8mb4_general_ci COMMENT='代码生成业务表';

-- ----------------------------
-- Records of gen_table
-- ----------------------------
BEGIN;
INSERT INTO `gen_table` (`table_id`, `schema_name`, `table_name`, `table_comment`, `sub_table_name`, `sub_table_fk_name`, `class_name`, `tpl_category`, `tpl_web_type`, `package_name`, `module_name`, `business_name`, `function_name`, `function_author`, `gen_type`, `gen_path`, `options`, `create_by`, `create_time`, `update_by`, `update_time`, `remark`) VALUES (33, 'adm', 'act_card_info', '账户卡片表', NULL, NULL, 'ActCardInfo', 'crud', '', 'com.ruoyi.adm.db', 'adm', 'actCardInfo', '账户卡片', 'ruoyi', '0', '/', NULL, '1', '2025-03-30 18:05:05', '', NULL, NULL);
INSERT INTO `gen_table` (`table_id`, `schema_name`, `table_name`, `table_comment`, `sub_table_name`, `sub_table_fk_name`, `class_name`, `tpl_category`, `tpl_web_type`, `package_name`, `module_name`, `business_name`, `function_name`, `function_author`, `gen_type`, `gen_path`, `options`, `create_by`, `create_time`, `update_by`, `update_time`, `remark`) VALUES (34, 'adm', 'act_info', '广告平台账户表', NULL, NULL, 'ActInfo', 'crud', '', 'com.ruoyi.adm.db', 'adm', 'actInfo', '广告平台账户', 'ruoyi', '0', '/', NULL, '1', '2025-03-30 18:05:05', '', NULL, NULL);
INSERT INTO `gen_table` (`table_id`, `schema_name`, `table_name`, `table_comment`, `sub_table_name`, `sub_table_fk_name`, `class_name`, `tpl_category`, `tpl_web_type`, `package_name`, `module_name`, `business_name`, `function_name`, `function_author`, `gen_type`, `gen_path`, `options`, `create_by`, `create_time`, `update_by`, `update_time`, `remark`) VALUES (35, 'adm', 'ad_group_info', '广告组信息表', NULL, NULL, 'AdGroupInfo', 'crud', '', 'com.ruoyi.adm.db', 'adm', 'adGroupInfo', '广告组信息', 'ruoyi', '0', '/', NULL, '1', '2025-03-30 18:05:06', '', NULL, NULL);
INSERT INTO `gen_table` (`table_id`, `schema_name`, `table_name`, `table_comment`, `sub_table_name`, `sub_table_fk_name`, `class_name`, `tpl_category`, `tpl_web_type`, `package_name`, `module_name`, `business_name`, `function_name`, `function_author`, `gen_type`, `gen_path`, `options`, `create_by`, `create_time`, `update_by`, `update_time`, `remark`) VALUES (36, 'adm', 'ad_info', '广告表', NULL, NULL, 'AdInfo', 'crud', '', 'com.ruoyi.adm.db', 'adm', 'adInfo', '广告', 'ruoyi', '0', '/', NULL, '1', '2025-03-30 18:05:08', '', NULL, NULL);
INSERT INTO `gen_table` (`table_id`, `schema_name`, `table_name`, `table_comment`, `sub_table_name`, `sub_table_fk_name`, `class_name`, `tpl_category`, `tpl_web_type`, `package_name`, `module_name`, `business_name`, `function_name`, `function_author`, `gen_type`, `gen_path`, `options`, `create_by`, `create_time`, `update_by`, `update_time`, `remark`) VALUES (37, 'adm', 'ad_series_info', '广告系列信息表', NULL, NULL, 'AdSeriesInfo', 'crud', '', 'com.ruoyi.adm.db', 'adm', 'adSeriesInfo', '广告系列信息', 'ruoyi', '0', '/', NULL, '1', '2025-03-30 18:05:10', '', NULL, NULL);
INSERT INTO `gen_table` (`table_id`, `schema_name`, `table_name`, `table_comment`, `sub_table_name`, `sub_table_fk_name`, `class_name`, `tpl_category`, `tpl_web_type`, `package_name`, `module_name`, `business_name`, `function_name`, `function_author`, `gen_type`, `gen_path`, `options`, `create_by`, `create_time`, `update_by`, `update_time`, `remark`) VALUES (38, 'adm', 'bm_info', '广告BM列表', NULL, NULL, 'BmInfo', 'crud', '', 'com.ruoyi.adm.db', 'adm', 'bmInfo', '广告BM列', 'ruoyi', '0', '/', NULL, '1', '2025-03-30 18:05:11', '', NULL, NULL);
INSERT INTO `gen_table` (`table_id`, `schema_name`, `table_name`, `table_comment`, `sub_table_name`, `sub_table_fk_name`, `class_name`, `tpl_category`, `tpl_web_type`, `package_name`, `module_name`, `business_name`, `function_name`, `function_author`, `gen_type`, `gen_path`, `options`, `create_by`, `create_time`, `update_by`, `update_time`, `remark`) VALUES (39, 'adm', 'busi_report', '商务每日报表', NULL, NULL, 'BusiReport', 'crud', '', 'com.ruoyi.adm.db', 'adm', 'busiReport', '商务每日报', 'ruoyi', '0', '/', NULL, '1', '2025-03-30 18:05:11', '', NULL, NULL);
INSERT INTO `gen_table` (`table_id`, `schema_name`, `table_name`, `table_comment`, `sub_table_name`, `sub_table_fk_name`, `class_name`, `tpl_category`, `tpl_web_type`, `package_name`, `module_name`, `business_name`, `function_name`, `function_author`, `gen_type`, `gen_path`, `options`, `create_by`, `create_time`, `update_by`, `update_time`, `remark`) VALUES (40, 'adm', 'channel_info', '渠道信息表', NULL, NULL, 'ChannelInfo', 'crud', '', 'com.ruoyi.adm.db', 'adm', 'channelInfo', '渠道信息', 'ruoyi', '0', '/', NULL, '1', '2025-03-30 18:05:13', '', NULL, NULL);
INSERT INTO `gen_table` (`table_id`, `schema_name`, `table_name`, `table_comment`, `sub_table_name`, `sub_table_fk_name`, `class_name`, `tpl_category`, `tpl_web_type`, `package_name`, `module_name`, `business_name`, `function_name`, `function_author`, `gen_type`, `gen_path`, `options`, `create_by`, `create_time`, `update_by`, `update_time`, `remark`) VALUES (41, 'adm', 'cloak_detail', '斗篷列表', NULL, NULL, 'CloakDetail', 'crud', '', 'com.ruoyi.adm.db', 'adm', 'cloakDetail', '斗篷列', 'ruoyi', '0', '/', NULL, '1', '2025-03-30 18:05:14', '', NULL, NULL);
INSERT INTO `gen_table` (`table_id`, `schema_name`, `table_name`, `table_comment`, `sub_table_name`, `sub_table_fk_name`, `class_name`, `tpl_category`, `tpl_web_type`, `package_name`, `module_name`, `business_name`, `function_name`, `function_author`, `gen_type`, `gen_path`, `options`, `create_by`, `create_time`, `update_by`, `update_time`, `remark`) VALUES (42, 'adm', 'cloak_domain', '斗篷域名表', NULL, NULL, 'CloakDomain', 'crud', '', 'com.ruoyi.adm.db', 'adm', 'cloakDomain', '斗篷域名', 'ruoyi', '0', '/', NULL, '1', '2025-03-30 18:05:15', '', NULL, NULL);
INSERT INTO `gen_table` (`table_id`, `schema_name`, `table_name`, `table_comment`, `sub_table_name`, `sub_table_fk_name`, `class_name`, `tpl_category`, `tpl_web_type`, `package_name`, `module_name`, `business_name`, `function_name`, `function_author`, `gen_type`, `gen_path`, `options`, `create_by`, `create_time`, `update_by`, `update_time`, `remark`) VALUES (43, 'adm', 'cloak_tmpl', '斗篷模板列表', NULL, NULL, 'CloakTmpl', 'crud', '', 'com.ruoyi.adm.db', 'adm', 'cloakTmpl', '斗篷模板列', 'ruoyi', '0', '/', NULL, '1', '2025-03-30 18:05:16', '', NULL, NULL);
INSERT INTO `gen_table` (`table_id`, `schema_name`, `table_name`, `table_comment`, `sub_table_name`, `sub_table_fk_name`, `class_name`, `tpl_category`, `tpl_web_type`, `package_name`, `module_name`, `business_name`, `function_name`, `function_author`, `gen_type`, `gen_path`, `options`, `create_by`, `create_time`, `update_by`, `update_time`, `remark`) VALUES (44, 'adm', 'opt_report', '优化每日报表', NULL, NULL, 'OptReport', 'crud', '', 'com.ruoyi.adm.db', 'adm', 'optReport', '优化每日报', 'ruoyi', '0', '/', NULL, '1', '2025-03-30 18:05:16', '', NULL, NULL);
INSERT INTO `gen_table` (`table_id`, `schema_name`, `table_name`, `table_comment`, `sub_table_name`, `sub_table_fk_name`, `class_name`, `tpl_category`, `tpl_web_type`, `package_name`, `module_name`, `business_name`, `function_name`, `function_author`, `gen_type`, `gen_path`, `options`, `create_by`, `create_time`, `update_by`, `update_time`, `remark`) VALUES (45, 'adm', 'plat_account', '广告平台账户表', NULL, NULL, 'PlatAccount', 'crud', '', 'com.ruoyi.adm.db', 'adm', 'platAccount', '广告平台账户', 'ruoyi', '0', '/', NULL, '1', '2025-03-30 18:05:18', '', NULL, NULL);
INSERT INTO `gen_table` (`table_id`, `schema_name`, `table_name`, `table_comment`, `sub_table_name`, `sub_table_fk_name`, `class_name`, `tpl_category`, `tpl_web_type`, `package_name`, `module_name`, `business_name`, `function_name`, `function_author`, `gen_type`, `gen_path`, `options`, `create_by`, `create_time`, `update_by`, `update_time`, `remark`) VALUES (46, 'adm', 'plat_info', '平台表', NULL, NULL, 'PlatInfo', 'crud', '', 'com.ruoyi.adm.db', 'adm', 'platInfo', '平台', 'ruoyi', '0', '/', NULL, '1', '2025-03-30 18:05:19', '', NULL, NULL);
INSERT INTO `gen_table` (`table_id`, `schema_name`, `table_name`, `table_comment`, `sub_table_name`, `sub_table_fk_name`, `class_name`, `tpl_category`, `tpl_web_type`, `package_name`, `module_name`, `business_name`, `function_name`, `function_author`, `gen_type`, `gen_path`, `options`, `create_by`, `create_time`, `update_by`, `update_time`, `remark`) VALUES (47, 'adm', 'project_info', '项目信息表', NULL, NULL, 'ProjectInfo', 'crud', '', 'com.ruoyi.adm.db', 'adm', 'projectInfo', '项目信息', 'ruoyi', '0', '/', NULL, '1', '2025-03-30 18:05:20', '', NULL, NULL);
INSERT INTO `gen_table` (`table_id`, `schema_name`, `table_name`, `table_comment`, `sub_table_name`, `sub_table_fk_name`, `class_name`, `tpl_category`, `tpl_web_type`, `package_name`, `module_name`, `business_name`, `function_name`, `function_author`, `gen_type`, `gen_path`, `options`, `create_by`, `create_time`, `update_by`, `update_time`, `remark`) VALUES (48, 'landing', 'web_landing', '落地页表', NULL, NULL, 'WebLanding', 'crud', '', 'com.ruoyi.landing.db', 'landing', 'webLanding', '落地页', 'ruoyi', '0', '/', NULL, '1', '2025-04-12 16:35:47', '', NULL, NULL);
INSERT INTO `gen_table` (`table_id`, `schema_name`, `table_name`, `table_comment`, `sub_table_name`, `sub_table_fk_name`, `class_name`, `tpl_category`, `tpl_web_type`, `package_name`, `module_name`, `business_name`, `function_name`, `function_author`, `gen_type`, `gen_path`, `options`, `create_by`, `create_time`, `update_by`, `update_time`, `remark`) VALUES (49, 'landing', 'file_material', '落地页的图片素材表', NULL, NULL, 'FileMaterial', 'crud', 'element-ui', 'com.ruoyi.landing.db', 'landing', 'imageMaterial', '落地页的图片素材', 'ruoyi', '0', '/', '{}', '1', '2025-04-12 18:43:16', '', '2025-04-15 13:50:42', NULL);
INSERT INTO `gen_table` (`table_id`, `schema_name`, `table_name`, `table_comment`, `sub_table_name`, `sub_table_fk_name`, `class_name`, `tpl_category`, `tpl_web_type`, `package_name`, `module_name`, `business_name`, `function_name`, `function_author`, `gen_type`, `gen_path`, `options`, `create_by`, `create_time`, `update_by`, `update_time`, `remark`) VALUES (50, 'landing', 'site_domain', '落地页的域名表', NULL, NULL, 'SiteDomain', 'crud', '', 'com.ruoyi.landing.db', 'landing', 'siteDomain', '落地页的域名', 'ruoyi', '0', '/', NULL, '1', '2025-04-12 18:43:17', '', NULL, NULL);
COMMIT;

-- ----------------------------
-- Table structure for gen_table_column
-- ----------------------------
DROP TABLE IF EXISTS `gen_table_column`;
CREATE TABLE `gen_table_column` (
  `column_id` bigint NOT NULL AUTO_INCREMENT COMMENT '编号',
  `table_id` bigint DEFAULT NULL COMMENT '归属表编号',
  `column_name` varchar(200) COLLATE utf8mb4_general_ci DEFAULT NULL COMMENT '列名称',
  `column_comment` varchar(500) COLLATE utf8mb4_general_ci DEFAULT NULL COMMENT '列描述',
  `column_type` varchar(100) COLLATE utf8mb4_general_ci DEFAULT NULL COMMENT '列类型',
  `java_type` varchar(500) COLLATE utf8mb4_general_ci DEFAULT NULL COMMENT 'JAVA类型',
  `java_field` varchar(200) COLLATE utf8mb4_general_ci DEFAULT NULL COMMENT 'JAVA字段名',
  `is_pk` char(1) COLLATE utf8mb4_general_ci DEFAULT NULL COMMENT '是否主键（1是）',
  `is_increment` char(1) COLLATE utf8mb4_general_ci DEFAULT NULL COMMENT '是否自增（1是）',
  `is_required` char(1) COLLATE utf8mb4_general_ci DEFAULT NULL COMMENT '是否必填（1是）',
  `is_insert` char(1) COLLATE utf8mb4_general_ci DEFAULT NULL COMMENT '是否为插入字段（1是）',
  `is_edit` char(1) COLLATE utf8mb4_general_ci DEFAULT NULL COMMENT '是否编辑字段（1是）',
  `is_list` char(1) COLLATE utf8mb4_general_ci DEFAULT NULL COMMENT '是否列表字段（1是）',
  `is_query` char(1) COLLATE utf8mb4_general_ci DEFAULT NULL COMMENT '是否查询字段（1是）',
  `query_type` varchar(200) COLLATE utf8mb4_general_ci DEFAULT 'EQ' COMMENT '查询方式（等于、不等于、大于、小于、范围）',
  `html_type` varchar(200) COLLATE utf8mb4_general_ci DEFAULT NULL COMMENT '显示类型（文本框、文本域、下拉框、复选框、单选框、日期控件）',
  `dict_type` varchar(200) COLLATE utf8mb4_general_ci DEFAULT '' COMMENT '字典类型',
  `sort` int DEFAULT NULL COMMENT '排序',
  `create_by` varchar(64) COLLATE utf8mb4_general_ci DEFAULT '' COMMENT '创建者',
  `create_time` datetime DEFAULT NULL COMMENT '创建时间',
  `update_by` varchar(64) COLLATE utf8mb4_general_ci DEFAULT '' COMMENT '更新者',
  `update_time` datetime DEFAULT NULL COMMENT '更新时间',
  PRIMARY KEY (`column_id`)
) ENGINE=InnoDB AUTO_INCREMENT=779 DEFAULT CHARSET=utf8mb4 COLLATE=utf8mb4_general_ci COMMENT='代码生成业务表字段';

-- ----------------------------
-- Records of gen_table_column
-- ----------------------------
BEGIN;
INSERT INTO `gen_table_column` (`column_id`, `table_id`, `column_name`, `column_comment`, `column_type`, `java_type`, `java_field`, `is_pk`, `is_increment`, `is_required`, `is_insert`, `is_edit`, `is_list`, `is_query`, `query_type`, `html_type`, `dict_type`, `sort`, `create_by`, `create_time`, `update_by`, `update_time`) VALUES (439, 33, 'unique_card_id', '唯一id', 'varchar(30)', 'String', 'uniqueCardId', '1', '0', NULL, '1', NULL, NULL, NULL, 'EQ', 'input', '', 1, '1', '2025-03-30 18:05:05', '', '2025-04-02 16:51:05');
INSERT INTO `gen_table_column` (`column_id`, `table_id`, `column_name`, `column_comment`, `column_type`, `java_type`, `java_field`, `is_pk`, `is_increment`, `is_required`, `is_insert`, `is_edit`, `is_list`, `is_query`, `query_type`, `html_type`, `dict_type`, `sort`, `create_by`, `create_time`, `update_by`, `update_time`) VALUES (440, 33, 'card_no', '卡号', 'varchar(255)', 'String', 'cardNo', '0', '0', NULL, '1', '1', '1', '1', 'EQ', 'input', '', 2, '1', '2025-03-30 18:05:05', '', '2025-04-02 16:51:05');
INSERT INTO `gen_table_column` (`column_id`, `table_id`, `column_name`, `column_comment`, `column_type`, `java_type`, `java_field`, `is_pk`, `is_increment`, `is_required`, `is_insert`, `is_edit`, `is_list`, `is_query`, `query_type`, `html_type`, `dict_type`, `sort`, `create_by`, `create_time`, `update_by`, `update_time`) VALUES (441, 33, 'plat_act_id', '平台账户id', 'varchar(255)', 'String', 'platActId', '0', '0', NULL, '1', '1', '1', '1', 'EQ', 'input', '', 3, '1', '2025-03-30 18:05:05', '', '2025-04-02 16:51:05');
INSERT INTO `gen_table_column` (`column_id`, `table_id`, `column_name`, `column_comment`, `column_type`, `java_type`, `java_field`, `is_pk`, `is_increment`, `is_required`, `is_insert`, `is_edit`, `is_list`, `is_query`, `query_type`, `html_type`, `dict_type`, `sort`, `create_by`, `create_time`, `update_by`, `update_time`) VALUES (442, 33, 'plat_act_name', '平台账户名称', 'varchar(255)', 'String', 'platActName', '0', '0', NULL, '1', '1', '1', '1', 'LIKE', 'input', '', 4, '1', '2025-03-30 18:05:05', '', '2025-04-02 16:51:05');
INSERT INTO `gen_table_column` (`column_id`, `table_id`, `column_name`, `column_comment`, `column_type`, `java_type`, `java_field`, `is_pk`, `is_increment`, `is_required`, `is_insert`, `is_edit`, `is_list`, `is_query`, `query_type`, `html_type`, `dict_type`, `sort`, `create_by`, `create_time`, `update_by`, `update_time`) VALUES (443, 33, 'state', '状态', 'varchar(255)', 'String', 'state', '0', '0', NULL, '1', '1', '1', '1', 'EQ', 'input', '', 5, '1', '2025-03-30 18:05:05', '', '2025-04-02 16:51:05');
INSERT INTO `gen_table_column` (`column_id`, `table_id`, `column_name`, `column_comment`, `column_type`, `java_type`, `java_field`, `is_pk`, `is_increment`, `is_required`, `is_insert`, `is_edit`, `is_list`, `is_query`, `query_type`, `html_type`, `dict_type`, `sort`, `create_by`, `create_time`, `update_by`, `update_time`) VALUES (444, 33, 'has_tax', '是否有税', 'varchar(255)', 'String', 'hasTax', '0', '0', NULL, '1', '1', '1', '1', 'EQ', 'input', '', 6, '1', '2025-03-30 18:05:05', '', '2025-04-02 16:51:06');
INSERT INTO `gen_table_column` (`column_id`, `table_id`, `column_name`, `column_comment`, `column_type`, `java_type`, `java_field`, `is_pk`, `is_increment`, `is_required`, `is_insert`, `is_edit`, `is_list`, `is_query`, `query_type`, `html_type`, `dict_type`, `sort`, `create_by`, `create_time`, `update_by`, `update_time`) VALUES (445, 33, 'remark', '备注', 'varchar(255)', 'String', 'remark', '0', '0', NULL, '1', '1', '1', NULL, 'EQ', 'input', '', 7, '1', '2025-03-30 18:05:05', '', '2025-04-02 16:51:06');
INSERT INTO `gen_table_column` (`column_id`, `table_id`, `column_name`, `column_comment`, `column_type`, `java_type`, `java_field`, `is_pk`, `is_increment`, `is_required`, `is_insert`, `is_edit`, `is_list`, `is_query`, `query_type`, `html_type`, `dict_type`, `sort`, `create_by`, `create_time`, `update_by`, `update_time`) VALUES (446, 33, 'create_time', '创建时间', 'datetime', 'Date', 'createTime', '0', '0', NULL, '1', NULL, NULL, NULL, 'EQ', 'datetime', '', 11, '1', '2025-03-30 18:05:05', '', '2025-04-02 16:51:06');
INSERT INTO `gen_table_column` (`column_id`, `table_id`, `column_name`, `column_comment`, `column_type`, `java_type`, `java_field`, `is_pk`, `is_increment`, `is_required`, `is_insert`, `is_edit`, `is_list`, `is_query`, `query_type`, `html_type`, `dict_type`, `sort`, `create_by`, `create_time`, `update_by`, `update_time`) VALUES (448, 34, 'unique_act_id', '唯一id', 'varchar(30)', 'String', 'uniqueActId', '1', '0', NULL, '1', NULL, NULL, NULL, 'EQ', 'input', '', 1, '1', '2025-03-30 18:05:06', '', '2025-04-02 16:51:20');
INSERT INTO `gen_table_column` (`column_id`, `table_id`, `column_name`, `column_comment`, `column_type`, `java_type`, `java_field`, `is_pk`, `is_increment`, `is_required`, `is_insert`, `is_edit`, `is_list`, `is_query`, `query_type`, `html_type`, `dict_type`, `sort`, `create_by`, `create_time`, `update_by`, `update_time`) VALUES (449, 34, 'plat_act_id', '平台账户id', 'varchar(255)', 'String', 'platActId', '0', '0', NULL, '1', '1', '1', '1', 'EQ', 'input', '', 2, '1', '2025-03-30 18:05:06', '', '2025-04-02 16:51:20');
INSERT INTO `gen_table_column` (`column_id`, `table_id`, `column_name`, `column_comment`, `column_type`, `java_type`, `java_field`, `is_pk`, `is_increment`, `is_required`, `is_insert`, `is_edit`, `is_list`, `is_query`, `query_type`, `html_type`, `dict_type`, `sort`, `create_by`, `create_time`, `update_by`, `update_time`) VALUES (450, 34, 'plat_act_name', '平台账户名称', 'varchar(255)', 'String', 'platActName', '0', '0', NULL, '1', '1', '1', '1', 'LIKE', 'input', '', 3, '1', '2025-03-30 18:05:06', '', '2025-04-02 16:51:20');
INSERT INTO `gen_table_column` (`column_id`, `table_id`, `column_name`, `column_comment`, `column_type`, `java_type`, `java_field`, `is_pk`, `is_increment`, `is_required`, `is_insert`, `is_edit`, `is_list`, `is_query`, `query_type`, `html_type`, `dict_type`, `sort`, `create_by`, `create_time`, `update_by`, `update_time`) VALUES (451, 34, 'plat_bm_id', '平台bmId', 'varchar(255)', 'String', 'platBmId', '0', '0', NULL, '1', '1', '1', '1', 'EQ', 'input', '', 4, '1', '2025-03-30 18:05:06', '', '2025-04-02 16:51:20');
INSERT INTO `gen_table_column` (`column_id`, `table_id`, `column_name`, `column_comment`, `column_type`, `java_type`, `java_field`, `is_pk`, `is_increment`, `is_required`, `is_insert`, `is_edit`, `is_list`, `is_query`, `query_type`, `html_type`, `dict_type`, `sort`, `create_by`, `create_time`, `update_by`, `update_time`) VALUES (452, 34, 'plat_bm_name', '平台bm名称', 'varchar(255)', 'String', 'platBmName', '0', '0', NULL, '1', '1', '1', '1', 'LIKE', 'input', '', 5, '1', '2025-03-30 18:05:06', '', '2025-04-02 16:51:20');
INSERT INTO `gen_table_column` (`column_id`, `table_id`, `column_name`, `column_comment`, `column_type`, `java_type`, `java_field`, `is_pk`, `is_increment`, `is_required`, `is_insert`, `is_edit`, `is_list`, `is_query`, `query_type`, `html_type`, `dict_type`, `sort`, `create_by`, `create_time`, `update_by`, `update_time`) VALUES (453, 34, 'agent_code', '代理', 'varchar(255)', 'String', 'agentCode', '0', '0', NULL, '1', '1', '1', '1', 'EQ', 'input', '', 6, '1', '2025-03-30 18:05:06', '', '2025-04-02 16:51:20');
INSERT INTO `gen_table_column` (`column_id`, `table_id`, `column_name`, `column_comment`, `column_type`, `java_type`, `java_field`, `is_pk`, `is_increment`, `is_required`, `is_insert`, `is_edit`, `is_list`, `is_query`, `query_type`, `html_type`, `dict_type`, `sort`, `create_by`, `create_time`, `update_by`, `update_time`) VALUES (454, 34, 'time_zone', '时区', 'varchar(255)', 'String', 'timeZone', '0', '0', NULL, '1', '1', '1', '1', 'EQ', 'input', '', 7, '1', '2025-03-30 18:05:06', '', '2025-04-02 16:51:20');
INSERT INTO `gen_table_column` (`column_id`, `table_id`, `column_name`, `column_comment`, `column_type`, `java_type`, `java_field`, `is_pk`, `is_increment`, `is_required`, `is_insert`, `is_edit`, `is_list`, `is_query`, `query_type`, `html_type`, `dict_type`, `sort`, `create_by`, `create_time`, `update_by`, `update_time`) VALUES (455, 34, 'acc_category', '类型 企业户 二不限 三不限 账单户 分享户', 'varchar(255)', 'String', 'accCategory', '0', '0', NULL, '1', '1', '1', '1', 'EQ', 'input', '', 8, '1', '2025-03-30 18:05:06', '', '2025-04-02 16:51:20');
INSERT INTO `gen_table_column` (`column_id`, `table_id`, `column_name`, `column_comment`, `column_type`, `java_type`, `java_field`, `is_pk`, `is_increment`, `is_required`, `is_insert`, `is_edit`, `is_list`, `is_query`, `query_type`, `html_type`, `dict_type`, `sort`, `create_by`, `create_time`, `update_by`, `update_time`) VALUES (456, 34, 'acc_belong', '账户归属', 'varchar(255)', 'String', 'accBelong', '0', '0', NULL, '1', '1', '1', '1', 'EQ', 'input', '', 9, '1', '2025-03-30 18:05:06', '', '2025-04-02 16:51:20');
INSERT INTO `gen_table_column` (`column_id`, `table_id`, `column_name`, `column_comment`, `column_type`, `java_type`, `java_field`, `is_pk`, `is_increment`, `is_required`, `is_insert`, `is_edit`, `is_list`, `is_query`, `query_type`, `html_type`, `dict_type`, `sort`, `create_by`, `create_time`, `update_by`, `update_time`) VALUES (457, 34, 'optimizer_uid', '优化师id', 'bigint', 'Long', 'optimizerUid', '0', '0', '1', '1', '1', '1', '1', 'EQ', 'input', '', 10, '1', '2025-03-30 18:05:06', '', '2025-04-02 16:51:20');
INSERT INTO `gen_table_column` (`column_id`, `table_id`, `column_name`, `column_comment`, `column_type`, `java_type`, `java_field`, `is_pk`, `is_increment`, `is_required`, `is_insert`, `is_edit`, `is_list`, `is_query`, `query_type`, `html_type`, `dict_type`, `sort`, `create_by`, `create_time`, `update_by`, `update_time`) VALUES (458, 34, 'state', '状态', 'varchar(255)', 'String', 'state', '0', '0', NULL, '1', '1', '1', '1', 'EQ', 'input', '', 11, '1', '2025-03-30 18:05:06', '', '2025-04-02 16:51:20');
INSERT INTO `gen_table_column` (`column_id`, `table_id`, `column_name`, `column_comment`, `column_type`, `java_type`, `java_field`, `is_pk`, `is_increment`, `is_required`, `is_insert`, `is_edit`, `is_list`, `is_query`, `query_type`, `html_type`, `dict_type`, `sort`, `create_by`, `create_time`, `update_by`, `update_time`) VALUES (459, 34, 'remark', '备注', 'varchar(255)', 'String', 'remark', '0', '0', NULL, '1', '1', '1', NULL, 'EQ', 'input', '', 12, '1', '2025-03-30 18:05:06', '', '2025-04-02 16:51:20');
INSERT INTO `gen_table_column` (`column_id`, `table_id`, `column_name`, `column_comment`, `column_type`, `java_type`, `java_field`, `is_pk`, `is_increment`, `is_required`, `is_insert`, `is_edit`, `is_list`, `is_query`, `query_type`, `html_type`, `dict_type`, `sort`, `create_by`, `create_time`, `update_by`, `update_time`) VALUES (460, 34, 'create_time', '创建时间', 'datetime', 'Date', 'createTime', '0', '0', NULL, '1', NULL, NULL, NULL, 'EQ', 'datetime', '', 16, '1', '2025-03-30 18:05:06', '', '2025-04-02 16:51:21');
INSERT INTO `gen_table_column` (`column_id`, `table_id`, `column_name`, `column_comment`, `column_type`, `java_type`, `java_field`, `is_pk`, `is_increment`, `is_required`, `is_insert`, `is_edit`, `is_list`, `is_query`, `query_type`, `html_type`, `dict_type`, `sort`, `create_by`, `create_time`, `update_by`, `update_time`) VALUES (462, 35, 'group_id', '唯一id', 'varchar(30)', 'String', 'groupId', '1', '0', NULL, '1', NULL, NULL, NULL, 'EQ', 'input', '', 1, '1', '2025-03-30 18:05:07', '', '2025-04-02 16:51:21');
INSERT INTO `gen_table_column` (`column_id`, `table_id`, `column_name`, `column_comment`, `column_type`, `java_type`, `java_field`, `is_pk`, `is_increment`, `is_required`, `is_insert`, `is_edit`, `is_list`, `is_query`, `query_type`, `html_type`, `dict_type`, `sort`, `create_by`, `create_time`, `update_by`, `update_time`) VALUES (463, 35, 'plat_acc_id', '平台账号id', 'varchar(255)', 'String', 'platAccId', '0', '0', NULL, '1', '1', '1', '1', 'EQ', 'input', '', 2, '1', '2025-03-30 18:05:07', '', '2025-04-02 16:51:21');
INSERT INTO `gen_table_column` (`column_id`, `table_id`, `column_name`, `column_comment`, `column_type`, `java_type`, `java_field`, `is_pk`, `is_increment`, `is_required`, `is_insert`, `is_edit`, `is_list`, `is_query`, `query_type`, `html_type`, `dict_type`, `sort`, `create_by`, `create_time`, `update_by`, `update_time`) VALUES (464, 35, 'plat_acc_name', '平台账户名', 'varchar(255)', 'String', 'platAccName', '0', '0', NULL, '1', '1', '1', '1', 'LIKE', 'input', '', 3, '1', '2025-03-30 18:05:07', '', '2025-04-02 16:51:22');
INSERT INTO `gen_table_column` (`column_id`, `table_id`, `column_name`, `column_comment`, `column_type`, `java_type`, `java_field`, `is_pk`, `is_increment`, `is_required`, `is_insert`, `is_edit`, `is_list`, `is_query`, `query_type`, `html_type`, `dict_type`, `sort`, `create_by`, `create_time`, `update_by`, `update_time`) VALUES (465, 35, 'plat_serial_id', '平台系列id', 'varchar(255)', 'String', 'platSerialId', '0', '0', NULL, '1', '1', '1', '1', 'EQ', 'input', '', 4, '1', '2025-03-30 18:05:07', '', '2025-04-02 16:51:22');
INSERT INTO `gen_table_column` (`column_id`, `table_id`, `column_name`, `column_comment`, `column_type`, `java_type`, `java_field`, `is_pk`, `is_increment`, `is_required`, `is_insert`, `is_edit`, `is_list`, `is_query`, `query_type`, `html_type`, `dict_type`, `sort`, `create_by`, `create_time`, `update_by`, `update_time`) VALUES (466, 35, 'plat_serial_name', '平台系列名', 'varchar(255)', 'String', 'platSerialName', '0', '0', NULL, '1', '1', '1', '1', 'LIKE', 'input', '', 5, '1', '2025-03-30 18:05:07', '', '2025-04-02 16:51:22');
INSERT INTO `gen_table_column` (`column_id`, `table_id`, `column_name`, `column_comment`, `column_type`, `java_type`, `java_field`, `is_pk`, `is_increment`, `is_required`, `is_insert`, `is_edit`, `is_list`, `is_query`, `query_type`, `html_type`, `dict_type`, `sort`, `create_by`, `create_time`, `update_by`, `update_time`) VALUES (467, 35, 'plat_group_id', '平台组id', 'varchar(255)', 'String', 'platGroupId', '0', '0', NULL, '1', '1', '1', '1', 'EQ', 'input', '', 6, '1', '2025-03-30 18:05:07', '', '2025-04-02 16:51:22');
INSERT INTO `gen_table_column` (`column_id`, `table_id`, `column_name`, `column_comment`, `column_type`, `java_type`, `java_field`, `is_pk`, `is_increment`, `is_required`, `is_insert`, `is_edit`, `is_list`, `is_query`, `query_type`, `html_type`, `dict_type`, `sort`, `create_by`, `create_time`, `update_by`, `update_time`) VALUES (468, 35, 'plat_group_name', '平台组名', 'varchar(255)', 'String', 'platGroupName', '0', '0', NULL, '1', '1', '1', '1', 'LIKE', 'input', '', 7, '1', '2025-03-30 18:05:07', '', '2025-04-02 16:51:22');
INSERT INTO `gen_table_column` (`column_id`, `table_id`, `column_name`, `column_comment`, `column_type`, `java_type`, `java_field`, `is_pk`, `is_increment`, `is_required`, `is_insert`, `is_edit`, `is_list`, `is_query`, `query_type`, `html_type`, `dict_type`, `sort`, `create_by`, `create_time`, `update_by`, `update_time`) VALUES (469, 35, 'plat_code', '平台code', 'varchar(255)', 'String', 'platCode', '0', '0', NULL, '1', '1', '1', '1', 'EQ', 'input', '', 8, '1', '2025-03-30 18:05:07', '', '2025-04-02 16:51:22');
INSERT INTO `gen_table_column` (`column_id`, `table_id`, `column_name`, `column_comment`, `column_type`, `java_type`, `java_field`, `is_pk`, `is_increment`, `is_required`, `is_insert`, `is_edit`, `is_list`, `is_query`, `query_type`, `html_type`, `dict_type`, `sort`, `create_by`, `create_time`, `update_by`, `update_time`) VALUES (470, 35, 'time_zone', '时区', 'varchar(255)', 'String', 'timeZone', '0', '0', NULL, '1', '1', '1', '1', 'EQ', 'input', '', 9, '1', '2025-03-30 18:05:07', '', '2025-04-02 16:51:22');
INSERT INTO `gen_table_column` (`column_id`, `table_id`, `column_name`, `column_comment`, `column_type`, `java_type`, `java_field`, `is_pk`, `is_increment`, `is_required`, `is_insert`, `is_edit`, `is_list`, `is_query`, `query_type`, `html_type`, `dict_type`, `sort`, `create_by`, `create_time`, `update_by`, `update_time`) VALUES (471, 35, 'stragy', '策略', 'varchar(255)', 'String', 'stragy', '0', '0', NULL, '1', '1', '1', '1', 'EQ', 'input', '', 10, '1', '2025-03-30 18:05:07', '', '2025-04-02 16:51:22');
INSERT INTO `gen_table_column` (`column_id`, `table_id`, `column_name`, `column_comment`, `column_type`, `java_type`, `java_field`, `is_pk`, `is_increment`, `is_required`, `is_insert`, `is_edit`, `is_list`, `is_query`, `query_type`, `html_type`, `dict_type`, `sort`, `create_by`, `create_time`, `update_by`, `update_time`) VALUES (472, 35, 'estimate_amount', '预算', 'varchar(255)', 'String', 'estimateAmount', '0', '0', NULL, '1', '1', '1', '1', 'EQ', 'input', '', 11, '1', '2025-03-30 18:05:07', '', '2025-04-02 16:51:22');
INSERT INTO `gen_table_column` (`column_id`, `table_id`, `column_name`, `column_comment`, `column_type`, `java_type`, `java_field`, `is_pk`, `is_increment`, `is_required`, `is_insert`, `is_edit`, `is_list`, `is_query`, `query_type`, `html_type`, `dict_type`, `sort`, `create_by`, `create_time`, `update_by`, `update_time`) VALUES (473, 35, 'state', '状态', 'varchar(255)', 'String', 'state', '0', '0', NULL, '1', '1', '1', '1', 'EQ', 'input', '', 12, '1', '2025-03-30 18:05:07', '', '2025-04-02 16:51:22');
INSERT INTO `gen_table_column` (`column_id`, `table_id`, `column_name`, `column_comment`, `column_type`, `java_type`, `java_field`, `is_pk`, `is_increment`, `is_required`, `is_insert`, `is_edit`, `is_list`, `is_query`, `query_type`, `html_type`, `dict_type`, `sort`, `create_by`, `create_time`, `update_by`, `update_time`) VALUES (474, 35, 'optimizer_uid', '优化师', 'bigint', 'Long', 'optimizerUid', '0', '0', NULL, '1', '1', '1', '1', 'EQ', 'input', '', 13, '1', '2025-03-30 18:05:07', '', '2025-04-02 16:51:22');
INSERT INTO `gen_table_column` (`column_id`, `table_id`, `column_name`, `column_comment`, `column_type`, `java_type`, `java_field`, `is_pk`, `is_increment`, `is_required`, `is_insert`, `is_edit`, `is_list`, `is_query`, `query_type`, `html_type`, `dict_type`, `sort`, `create_by`, `create_time`, `update_by`, `update_time`) VALUES (475, 35, 'remark', '备注', 'varchar(255)', 'String', 'remark', '0', '0', NULL, '1', '1', '1', NULL, 'EQ', 'input', '', 14, '1', '2025-03-30 18:05:07', '', '2025-04-02 16:51:22');
INSERT INTO `gen_table_column` (`column_id`, `table_id`, `column_name`, `column_comment`, `column_type`, `java_type`, `java_field`, `is_pk`, `is_increment`, `is_required`, `is_insert`, `is_edit`, `is_list`, `is_query`, `query_type`, `html_type`, `dict_type`, `sort`, `create_by`, `create_time`, `update_by`, `update_time`) VALUES (476, 35, 'create_time', '创建时间', 'datetime', 'Date', 'createTime', '0', '0', NULL, '1', NULL, NULL, NULL, 'EQ', 'datetime', '', 18, '1', '2025-03-30 18:05:07', '', '2025-04-02 16:51:22');
INSERT INTO `gen_table_column` (`column_id`, `table_id`, `column_name`, `column_comment`, `column_type`, `java_type`, `java_field`, `is_pk`, `is_increment`, `is_required`, `is_insert`, `is_edit`, `is_list`, `is_query`, `query_type`, `html_type`, `dict_type`, `sort`, `create_by`, `create_time`, `update_by`, `update_time`) VALUES (478, 36, 'ad_id', '唯一id', 'varchar(30)', 'String', 'adId', '1', '0', NULL, '1', NULL, NULL, NULL, 'EQ', 'input', '', 1, '1', '2025-03-30 18:05:08', '', '2025-04-02 16:51:24');
INSERT INTO `gen_table_column` (`column_id`, `table_id`, `column_name`, `column_comment`, `column_type`, `java_type`, `java_field`, `is_pk`, `is_increment`, `is_required`, `is_insert`, `is_edit`, `is_list`, `is_query`, `query_type`, `html_type`, `dict_type`, `sort`, `create_by`, `create_time`, `update_by`, `update_time`) VALUES (479, 36, 'plat_acc_id', '平台id', 'varchar(255)', 'String', 'platAccId', '0', '0', NULL, '1', '1', '1', '1', 'EQ', 'input', '', 2, '1', '2025-03-30 18:05:08', '', '2025-04-02 16:51:24');
INSERT INTO `gen_table_column` (`column_id`, `table_id`, `column_name`, `column_comment`, `column_type`, `java_type`, `java_field`, `is_pk`, `is_increment`, `is_required`, `is_insert`, `is_edit`, `is_list`, `is_query`, `query_type`, `html_type`, `dict_type`, `sort`, `create_by`, `create_time`, `update_by`, `update_time`) VALUES (480, 36, 'plat_acc_name', '平台名', 'varchar(255)', 'String', 'platAccName', '0', '0', NULL, '1', '1', '1', '1', 'LIKE', 'input', '', 3, '1', '2025-03-30 18:05:08', '', '2025-04-02 16:51:24');
INSERT INTO `gen_table_column` (`column_id`, `table_id`, `column_name`, `column_comment`, `column_type`, `java_type`, `java_field`, `is_pk`, `is_increment`, `is_required`, `is_insert`, `is_edit`, `is_list`, `is_query`, `query_type`, `html_type`, `dict_type`, `sort`, `create_by`, `create_time`, `update_by`, `update_time`) VALUES (481, 36, 'plat_serial_id', '平台系列id', 'varchar(255)', 'String', 'platSerialId', '0', '0', NULL, '1', '1', '1', '1', 'EQ', 'input', '', 4, '1', '2025-03-30 18:05:08', '', '2025-04-02 16:51:24');
INSERT INTO `gen_table_column` (`column_id`, `table_id`, `column_name`, `column_comment`, `column_type`, `java_type`, `java_field`, `is_pk`, `is_increment`, `is_required`, `is_insert`, `is_edit`, `is_list`, `is_query`, `query_type`, `html_type`, `dict_type`, `sort`, `create_by`, `create_time`, `update_by`, `update_time`) VALUES (482, 36, 'plat_serial_name', '平台系列名', 'varchar(255)', 'String', 'platSerialName', '0', '0', NULL, '1', '1', '1', '1', 'LIKE', 'input', '', 5, '1', '2025-03-30 18:05:08', '', '2025-04-02 16:51:24');
INSERT INTO `gen_table_column` (`column_id`, `table_id`, `column_name`, `column_comment`, `column_type`, `java_type`, `java_field`, `is_pk`, `is_increment`, `is_required`, `is_insert`, `is_edit`, `is_list`, `is_query`, `query_type`, `html_type`, `dict_type`, `sort`, `create_by`, `create_time`, `update_by`, `update_time`) VALUES (483, 36, 'plat_group_id', '平台组id', 'varchar(255)', 'String', 'platGroupId', '0', '0', NULL, '1', '1', '1', '1', 'EQ', 'input', '', 6, '1', '2025-03-30 18:05:08', '', '2025-04-02 16:51:24');
INSERT INTO `gen_table_column` (`column_id`, `table_id`, `column_name`, `column_comment`, `column_type`, `java_type`, `java_field`, `is_pk`, `is_increment`, `is_required`, `is_insert`, `is_edit`, `is_list`, `is_query`, `query_type`, `html_type`, `dict_type`, `sort`, `create_by`, `create_time`, `update_by`, `update_time`) VALUES (484, 36, 'plat_group_name', '平台组名', 'varchar(255)', 'String', 'platGroupName', '0', '0', NULL, '1', '1', '1', '1', 'LIKE', 'input', '', 7, '1', '2025-03-30 18:05:08', '', '2025-04-02 16:51:24');
INSERT INTO `gen_table_column` (`column_id`, `table_id`, `column_name`, `column_comment`, `column_type`, `java_type`, `java_field`, `is_pk`, `is_increment`, `is_required`, `is_insert`, `is_edit`, `is_list`, `is_query`, `query_type`, `html_type`, `dict_type`, `sort`, `create_by`, `create_time`, `update_by`, `update_time`) VALUES (485, 36, 'plat_ad_id', '平台广告id', 'varchar(255)', 'String', 'platAdId', '0', '0', NULL, '1', '1', '1', '1', 'EQ', 'input', '', 8, '1', '2025-03-30 18:05:08', '', '2025-04-02 16:51:24');
INSERT INTO `gen_table_column` (`column_id`, `table_id`, `column_name`, `column_comment`, `column_type`, `java_type`, `java_field`, `is_pk`, `is_increment`, `is_required`, `is_insert`, `is_edit`, `is_list`, `is_query`, `query_type`, `html_type`, `dict_type`, `sort`, `create_by`, `create_time`, `update_by`, `update_time`) VALUES (486, 36, 'plat_ad_name', '平台广告名', 'varchar(255)', 'String', 'platAdName', '0', '0', NULL, '1', '1', '1', '1', 'LIKE', 'input', '', 9, '1', '2025-03-30 18:05:08', '', '2025-04-02 16:51:24');
INSERT INTO `gen_table_column` (`column_id`, `table_id`, `column_name`, `column_comment`, `column_type`, `java_type`, `java_field`, `is_pk`, `is_increment`, `is_required`, `is_insert`, `is_edit`, `is_list`, `is_query`, `query_type`, `html_type`, `dict_type`, `sort`, `create_by`, `create_time`, `update_by`, `update_time`) VALUES (487, 36, 'plat_code', '平台code', 'varchar(255)', 'String', 'platCode', '0', '0', NULL, '1', '1', '1', '1', 'EQ', 'input', '', 10, '1', '2025-03-30 18:05:08', '', '2025-04-02 16:51:24');
INSERT INTO `gen_table_column` (`column_id`, `table_id`, `column_name`, `column_comment`, `column_type`, `java_type`, `java_field`, `is_pk`, `is_increment`, `is_required`, `is_insert`, `is_edit`, `is_list`, `is_query`, `query_type`, `html_type`, `dict_type`, `sort`, `create_by`, `create_time`, `update_by`, `update_time`) VALUES (488, 36, 'time_zone', '时区', 'varchar(255)', 'String', 'timeZone', '0', '0', NULL, '1', '1', '1', '1', 'EQ', 'input', '', 11, '1', '2025-03-30 18:05:08', '', '2025-04-02 16:51:24');
INSERT INTO `gen_table_column` (`column_id`, `table_id`, `column_name`, `column_comment`, `column_type`, `java_type`, `java_field`, `is_pk`, `is_increment`, `is_required`, `is_insert`, `is_edit`, `is_list`, `is_query`, `query_type`, `html_type`, `dict_type`, `sort`, `create_by`, `create_time`, `update_by`, `update_time`) VALUES (489, 36, 'stragy', '策略', 'varchar(255)', 'String', 'stragy', '0', '0', NULL, '1', '1', '1', '1', 'EQ', 'input', '', 12, '1', '2025-03-30 18:05:08', '', '2025-04-02 16:51:24');
INSERT INTO `gen_table_column` (`column_id`, `table_id`, `column_name`, `column_comment`, `column_type`, `java_type`, `java_field`, `is_pk`, `is_increment`, `is_required`, `is_insert`, `is_edit`, `is_list`, `is_query`, `query_type`, `html_type`, `dict_type`, `sort`, `create_by`, `create_time`, `update_by`, `update_time`) VALUES (490, 36, 'budget_type', '系列预算 组预算', 'varchar(255)', 'String', 'budgetType', '0', '0', NULL, '1', '1', '1', '1', 'EQ', 'select', '', 13, '1', '2025-03-30 18:05:08', '', '2025-04-02 16:51:24');
INSERT INTO `gen_table_column` (`column_id`, `table_id`, `column_name`, `column_comment`, `column_type`, `java_type`, `java_field`, `is_pk`, `is_increment`, `is_required`, `is_insert`, `is_edit`, `is_list`, `is_query`, `query_type`, `html_type`, `dict_type`, `sort`, `create_by`, `create_time`, `update_by`, `update_time`) VALUES (491, 36, 'budget_amt', '预算', 'varchar(255)', 'String', 'budgetAmt', '0', '0', NULL, '1', '1', '1', '1', 'EQ', 'input', '', 14, '1', '2025-03-30 18:05:09', '', '2025-04-02 16:51:24');
INSERT INTO `gen_table_column` (`column_id`, `table_id`, `column_name`, `column_comment`, `column_type`, `java_type`, `java_field`, `is_pk`, `is_increment`, `is_required`, `is_insert`, `is_edit`, `is_list`, `is_query`, `query_type`, `html_type`, `dict_type`, `sort`, `create_by`, `create_time`, `update_by`, `update_time`) VALUES (492, 36, 'ad_state', '状态', 'varchar(255)', 'String', 'adState', '0', '0', NULL, '1', '1', '1', '1', 'EQ', 'input', '', 15, '1', '2025-03-30 18:05:09', '', '2025-04-02 16:51:24');
INSERT INTO `gen_table_column` (`column_id`, `table_id`, `column_name`, `column_comment`, `column_type`, `java_type`, `java_field`, `is_pk`, `is_increment`, `is_required`, `is_insert`, `is_edit`, `is_list`, `is_query`, `query_type`, `html_type`, `dict_type`, `sort`, `create_by`, `create_time`, `update_by`, `update_time`) VALUES (493, 36, 'optimizer_uid', '优化师', 'bigint', 'Long', 'optimizerUid', '0', '0', NULL, '1', '1', '1', '1', 'EQ', 'input', '', 16, '1', '2025-03-30 18:05:09', '', '2025-04-02 16:51:24');
INSERT INTO `gen_table_column` (`column_id`, `table_id`, `column_name`, `column_comment`, `column_type`, `java_type`, `java_field`, `is_pk`, `is_increment`, `is_required`, `is_insert`, `is_edit`, `is_list`, `is_query`, `query_type`, `html_type`, `dict_type`, `sort`, `create_by`, `create_time`, `update_by`, `update_time`) VALUES (494, 36, 'thumb_img', '缩略图', 'varchar(1000)', 'String', 'thumbImg', '0', '0', NULL, '1', '1', '1', '1', 'EQ', 'textarea', '', 17, '1', '2025-03-30 18:05:09', '', '2025-04-02 16:51:25');
INSERT INTO `gen_table_column` (`column_id`, `table_id`, `column_name`, `column_comment`, `column_type`, `java_type`, `java_field`, `is_pk`, `is_increment`, `is_required`, `is_insert`, `is_edit`, `is_list`, `is_query`, `query_type`, `html_type`, `dict_type`, `sort`, `create_by`, `create_time`, `update_by`, `update_time`) VALUES (495, 36, 'data_date', '数据日期', 'varchar(255)', 'String', 'dataDate', '0', '0', NULL, '1', '1', '1', '1', 'EQ', 'input', '', 18, '1', '2025-03-30 18:05:09', '', '2025-04-02 16:51:25');
INSERT INTO `gen_table_column` (`column_id`, `table_id`, `column_name`, `column_comment`, `column_type`, `java_type`, `java_field`, `is_pk`, `is_increment`, `is_required`, `is_insert`, `is_edit`, `is_list`, `is_query`, `query_type`, `html_type`, `dict_type`, `sort`, `create_by`, `create_time`, `update_by`, `update_time`) VALUES (496, 36, 'comsume_amt', '消耗', 'decimal(12,2)', 'BigDecimal', 'comsumeAmt', '0', '0', NULL, '1', '1', '1', '1', 'EQ', 'input', '', 19, '1', '2025-03-30 18:05:09', '', '2025-04-02 16:51:25');
INSERT INTO `gen_table_column` (`column_id`, `table_id`, `column_name`, `column_comment`, `column_type`, `java_type`, `java_field`, `is_pk`, `is_increment`, `is_required`, `is_insert`, `is_edit`, `is_list`, `is_query`, `query_type`, `html_type`, `dict_type`, `sort`, `create_by`, `create_time`, `update_by`, `update_time`) VALUES (497, 36, 'register_num', '注册', 'int', 'Long', 'registerNum', '0', '0', NULL, '1', '1', '1', '1', 'EQ', 'input', '', 20, '1', '2025-03-30 18:05:09', '', '2025-04-02 16:51:25');
INSERT INTO `gen_table_column` (`column_id`, `table_id`, `column_name`, `column_comment`, `column_type`, `java_type`, `java_field`, `is_pk`, `is_increment`, `is_required`, `is_insert`, `is_edit`, `is_list`, `is_query`, `query_type`, `html_type`, `dict_type`, `sort`, `create_by`, `create_time`, `update_by`, `update_time`) VALUES (498, 36, 'register_fee', '单次成效费用', 'decimal(10,2)', 'BigDecimal', 'registerFee', '0', '0', NULL, '1', '1', '1', '1', 'EQ', 'input', '', 21, '1', '2025-03-30 18:05:09', '', '2025-04-02 16:51:25');
INSERT INTO `gen_table_column` (`column_id`, `table_id`, `column_name`, `column_comment`, `column_type`, `java_type`, `java_field`, `is_pk`, `is_increment`, `is_required`, `is_insert`, `is_edit`, `is_list`, `is_query`, `query_type`, `html_type`, `dict_type`, `sort`, `create_by`, `create_time`, `update_by`, `update_time`) VALUES (499, 36, 'effective_num', '成效', 'int', 'Long', 'effectiveNum', '0', '0', NULL, '1', '1', '1', '1', 'EQ', 'input', '', 22, '1', '2025-03-30 18:05:09', '', '2025-04-02 16:51:25');
INSERT INTO `gen_table_column` (`column_id`, `table_id`, `column_name`, `column_comment`, `column_type`, `java_type`, `java_field`, `is_pk`, `is_increment`, `is_required`, `is_insert`, `is_edit`, `is_list`, `is_query`, `query_type`, `html_type`, `dict_type`, `sort`, `create_by`, `create_time`, `update_by`, `update_time`) VALUES (500, 36, 'effective_fee', '单次成效费用', 'decimal(10,2)', 'BigDecimal', 'effectiveFee', '0', '0', NULL, '1', '1', '1', '1', 'EQ', 'input', '', 23, '1', '2025-03-30 18:05:09', '', '2025-04-02 16:51:25');
INSERT INTO `gen_table_column` (`column_id`, `table_id`, `column_name`, `column_comment`, `column_type`, `java_type`, `java_field`, `is_pk`, `is_increment`, `is_required`, `is_insert`, `is_edit`, `is_list`, `is_query`, `query_type`, `html_type`, `dict_type`, `sort`, `create_by`, `create_time`, `update_by`, `update_time`) VALUES (501, 36, 'show_num', '展示', 'int', 'Long', 'showNum', '0', '0', NULL, '1', '1', '1', '1', 'EQ', 'input', '', 24, '1', '2025-03-30 18:05:09', '', '2025-04-02 16:51:25');
INSERT INTO `gen_table_column` (`column_id`, `table_id`, `column_name`, `column_comment`, `column_type`, `java_type`, `java_field`, `is_pk`, `is_increment`, `is_required`, `is_insert`, `is_edit`, `is_list`, `is_query`, `query_type`, `html_type`, `dict_type`, `sort`, `create_by`, `create_time`, `update_by`, `update_time`) VALUES (502, 36, 'cmp', '千次展示费用', 'decimal(10,2)', 'BigDecimal', 'cmp', '0', '0', NULL, '1', '1', '1', '1', 'EQ', 'input', '', 25, '1', '2025-03-30 18:05:09', '', '2025-04-02 16:51:25');
INSERT INTO `gen_table_column` (`column_id`, `table_id`, `column_name`, `column_comment`, `column_type`, `java_type`, `java_field`, `is_pk`, `is_increment`, `is_required`, `is_insert`, `is_edit`, `is_list`, `is_query`, `query_type`, `html_type`, `dict_type`, `sort`, `create_by`, `create_time`, `update_by`, `update_time`) VALUES (503, 36, 'click_num', '点击', 'int', 'Long', 'clickNum', '0', '0', NULL, '1', '1', '1', '1', 'EQ', 'input', '', 26, '1', '2025-03-30 18:05:09', '', '2025-04-02 16:51:25');
INSERT INTO `gen_table_column` (`column_id`, `table_id`, `column_name`, `column_comment`, `column_type`, `java_type`, `java_field`, `is_pk`, `is_increment`, `is_required`, `is_insert`, `is_edit`, `is_list`, `is_query`, `query_type`, `html_type`, `dict_type`, `sort`, `create_by`, `create_time`, `update_by`, `update_time`) VALUES (504, 36, 'click_fee', '单次链接点击费用', 'decimal(10,2)', 'BigDecimal', 'clickFee', '0', '0', NULL, '1', '1', '1', '1', 'EQ', 'input', '', 27, '1', '2025-03-30 18:05:09', '', '2025-04-02 16:51:25');
INSERT INTO `gen_table_column` (`column_id`, `table_id`, `column_name`, `column_comment`, `column_type`, `java_type`, `java_field`, `is_pk`, `is_increment`, `is_required`, `is_insert`, `is_edit`, `is_list`, `is_query`, `query_type`, `html_type`, `dict_type`, `sort`, `create_by`, `create_time`, `update_by`, `update_time`) VALUES (505, 36, 'launch_settle_num', '发起结账', 'int', 'Long', 'launchSettleNum', '0', '0', NULL, '1', '1', '1', '1', 'EQ', 'input', '', 28, '1', '2025-03-30 18:05:09', '', '2025-04-02 16:51:25');
INSERT INTO `gen_table_column` (`column_id`, `table_id`, `column_name`, `column_comment`, `column_type`, `java_type`, `java_field`, `is_pk`, `is_increment`, `is_required`, `is_insert`, `is_edit`, `is_list`, `is_query`, `query_type`, `html_type`, `dict_type`, `sort`, `create_by`, `create_time`, `update_by`, `update_time`) VALUES (506, 36, 'remark', '备注', 'varchar(255)', 'String', 'remark', '0', '0', NULL, '1', '1', '1', NULL, 'EQ', 'input', '', 29, '1', '2025-03-30 18:05:09', '', '2025-04-02 16:51:25');
INSERT INTO `gen_table_column` (`column_id`, `table_id`, `column_name`, `column_comment`, `column_type`, `java_type`, `java_field`, `is_pk`, `is_increment`, `is_required`, `is_insert`, `is_edit`, `is_list`, `is_query`, `query_type`, `html_type`, `dict_type`, `sort`, `create_by`, `create_time`, `update_by`, `update_time`) VALUES (507, 36, 'create_time', '创建时间', 'datetime', 'Date', 'createTime', '0', '0', NULL, '1', NULL, NULL, NULL, 'EQ', 'datetime', '', 33, '1', '2025-03-30 18:05:10', '', '2025-04-02 16:51:26');
INSERT INTO `gen_table_column` (`column_id`, `table_id`, `column_name`, `column_comment`, `column_type`, `java_type`, `java_field`, `is_pk`, `is_increment`, `is_required`, `is_insert`, `is_edit`, `is_list`, `is_query`, `query_type`, `html_type`, `dict_type`, `sort`, `create_by`, `create_time`, `update_by`, `update_time`) VALUES (509, 37, 'series_id', '唯一id', 'varchar(30)', 'String', 'seriesId', '1', '0', NULL, '1', NULL, NULL, NULL, 'EQ', 'input', '', 1, '1', '2025-03-30 18:05:10', '', '2025-04-02 16:51:25');
INSERT INTO `gen_table_column` (`column_id`, `table_id`, `column_name`, `column_comment`, `column_type`, `java_type`, `java_field`, `is_pk`, `is_increment`, `is_required`, `is_insert`, `is_edit`, `is_list`, `is_query`, `query_type`, `html_type`, `dict_type`, `sort`, `create_by`, `create_time`, `update_by`, `update_time`) VALUES (510, 37, 'plat_acc_id', '平台账户id', 'varchar(255)', 'String', 'platAccId', '0', '0', NULL, '1', '1', '1', '1', 'EQ', 'input', '', 2, '1', '2025-03-30 18:05:10', '', '2025-04-02 16:51:25');
INSERT INTO `gen_table_column` (`column_id`, `table_id`, `column_name`, `column_comment`, `column_type`, `java_type`, `java_field`, `is_pk`, `is_increment`, `is_required`, `is_insert`, `is_edit`, `is_list`, `is_query`, `query_type`, `html_type`, `dict_type`, `sort`, `create_by`, `create_time`, `update_by`, `update_time`) VALUES (511, 37, 'plat_acc_name', '平台账户名', 'varchar(255)', 'String', 'platAccName', '0', '0', NULL, '1', '1', '1', '1', 'LIKE', 'input', '', 3, '1', '2025-03-30 18:05:10', '', '2025-04-02 16:51:26');
INSERT INTO `gen_table_column` (`column_id`, `table_id`, `column_name`, `column_comment`, `column_type`, `java_type`, `java_field`, `is_pk`, `is_increment`, `is_required`, `is_insert`, `is_edit`, `is_list`, `is_query`, `query_type`, `html_type`, `dict_type`, `sort`, `create_by`, `create_time`, `update_by`, `update_time`) VALUES (512, 37, 'plat_serial_id', '平台系列id', 'varchar(255)', 'String', 'platSerialId', '0', '0', NULL, '1', '1', '1', '1', 'EQ', 'input', '', 4, '1', '2025-03-30 18:05:10', '', '2025-04-02 16:51:26');
INSERT INTO `gen_table_column` (`column_id`, `table_id`, `column_name`, `column_comment`, `column_type`, `java_type`, `java_field`, `is_pk`, `is_increment`, `is_required`, `is_insert`, `is_edit`, `is_list`, `is_query`, `query_type`, `html_type`, `dict_type`, `sort`, `create_by`, `create_time`, `update_by`, `update_time`) VALUES (513, 37, 'plat_serial_name', '平台系列名', 'varchar(255)', 'String', 'platSerialName', '0', '0', NULL, '1', '1', '1', '1', 'LIKE', 'input', '', 5, '1', '2025-03-30 18:05:10', '', '2025-04-02 16:51:26');
INSERT INTO `gen_table_column` (`column_id`, `table_id`, `column_name`, `column_comment`, `column_type`, `java_type`, `java_field`, `is_pk`, `is_increment`, `is_required`, `is_insert`, `is_edit`, `is_list`, `is_query`, `query_type`, `html_type`, `dict_type`, `sort`, `create_by`, `create_time`, `update_by`, `update_time`) VALUES (514, 37, 'plat_code', '平台code', 'varchar(255)', 'String', 'platCode', '0', '0', NULL, '1', '1', '1', '1', 'EQ', 'input', '', 6, '1', '2025-03-30 18:05:10', '', '2025-04-02 16:51:26');
INSERT INTO `gen_table_column` (`column_id`, `table_id`, `column_name`, `column_comment`, `column_type`, `java_type`, `java_field`, `is_pk`, `is_increment`, `is_required`, `is_insert`, `is_edit`, `is_list`, `is_query`, `query_type`, `html_type`, `dict_type`, `sort`, `create_by`, `create_time`, `update_by`, `update_time`) VALUES (515, 37, 'time_zone', '时区', 'varchar(255)', 'String', 'timeZone', '0', '0', NULL, '1', '1', '1', '1', 'EQ', 'input', '', 7, '1', '2025-03-30 18:05:10', '', '2025-04-02 16:51:26');
INSERT INTO `gen_table_column` (`column_id`, `table_id`, `column_name`, `column_comment`, `column_type`, `java_type`, `java_field`, `is_pk`, `is_increment`, `is_required`, `is_insert`, `is_edit`, `is_list`, `is_query`, `query_type`, `html_type`, `dict_type`, `sort`, `create_by`, `create_time`, `update_by`, `update_time`) VALUES (516, 37, 'stragy', '策略', 'varchar(255)', 'String', 'stragy', '0', '0', NULL, '1', '1', '1', '1', 'EQ', 'input', '', 8, '1', '2025-03-30 18:05:10', '', '2025-04-02 16:51:26');
INSERT INTO `gen_table_column` (`column_id`, `table_id`, `column_name`, `column_comment`, `column_type`, `java_type`, `java_field`, `is_pk`, `is_increment`, `is_required`, `is_insert`, `is_edit`, `is_list`, `is_query`, `query_type`, `html_type`, `dict_type`, `sort`, `create_by`, `create_time`, `update_by`, `update_time`) VALUES (517, 37, 'estimate_amount', '预算', 'varchar(255)', 'String', 'estimateAmount', '0', '0', NULL, '1', '1', '1', '1', 'EQ', 'input', '', 9, '1', '2025-03-30 18:05:10', '', '2025-04-02 16:51:26');
INSERT INTO `gen_table_column` (`column_id`, `table_id`, `column_name`, `column_comment`, `column_type`, `java_type`, `java_field`, `is_pk`, `is_increment`, `is_required`, `is_insert`, `is_edit`, `is_list`, `is_query`, `query_type`, `html_type`, `dict_type`, `sort`, `create_by`, `create_time`, `update_by`, `update_time`) VALUES (518, 37, 'state', '状态', 'varchar(255)', 'String', 'state', '0', '0', NULL, '1', '1', '1', '1', 'EQ', 'input', '', 10, '1', '2025-03-30 18:05:10', '', '2025-04-02 16:51:26');
INSERT INTO `gen_table_column` (`column_id`, `table_id`, `column_name`, `column_comment`, `column_type`, `java_type`, `java_field`, `is_pk`, `is_increment`, `is_required`, `is_insert`, `is_edit`, `is_list`, `is_query`, `query_type`, `html_type`, `dict_type`, `sort`, `create_by`, `create_time`, `update_by`, `update_time`) VALUES (519, 37, 'optimizer_uid', '优化师', 'bigint', 'Long', 'optimizerUid', '0', '0', NULL, '1', '1', '1', '1', 'EQ', 'input', '', 11, '1', '2025-03-30 18:05:10', '', '2025-04-02 16:51:26');
INSERT INTO `gen_table_column` (`column_id`, `table_id`, `column_name`, `column_comment`, `column_type`, `java_type`, `java_field`, `is_pk`, `is_increment`, `is_required`, `is_insert`, `is_edit`, `is_list`, `is_query`, `query_type`, `html_type`, `dict_type`, `sort`, `create_by`, `create_time`, `update_by`, `update_time`) VALUES (520, 37, 'remark', '备注', 'varchar(255)', 'String', 'remark', '0', '0', NULL, '1', '1', '1', NULL, 'EQ', 'input', '', 12, '1', '2025-03-30 18:05:10', '', '2025-04-02 16:51:26');
INSERT INTO `gen_table_column` (`column_id`, `table_id`, `column_name`, `column_comment`, `column_type`, `java_type`, `java_field`, `is_pk`, `is_increment`, `is_required`, `is_insert`, `is_edit`, `is_list`, `is_query`, `query_type`, `html_type`, `dict_type`, `sort`, `create_by`, `create_time`, `update_by`, `update_time`) VALUES (521, 37, 'create_time', '创建时间', 'datetime', 'Date', 'createTime', '0', '0', NULL, '1', NULL, NULL, NULL, 'EQ', 'datetime', '', 16, '1', '2025-03-30 18:05:10', '', '2025-04-02 16:51:26');
INSERT INTO `gen_table_column` (`column_id`, `table_id`, `column_name`, `column_comment`, `column_type`, `java_type`, `java_field`, `is_pk`, `is_increment`, `is_required`, `is_insert`, `is_edit`, `is_list`, `is_query`, `query_type`, `html_type`, `dict_type`, `sort`, `create_by`, `create_time`, `update_by`, `update_time`) VALUES (523, 38, 'ad_bm_id', '唯一id', 'varchar(30)', 'String', 'adBmId', '1', '0', NULL, '1', NULL, NULL, NULL, 'EQ', 'input', '', 1, '1', '2025-03-30 18:05:11', '', '2025-04-02 16:51:28');
INSERT INTO `gen_table_column` (`column_id`, `table_id`, `column_name`, `column_comment`, `column_type`, `java_type`, `java_field`, `is_pk`, `is_increment`, `is_required`, `is_insert`, `is_edit`, `is_list`, `is_query`, `query_type`, `html_type`, `dict_type`, `sort`, `create_by`, `create_time`, `update_by`, `update_time`) VALUES (524, 38, 'plat_bm_id', '平台bmId', 'varchar(255)', 'String', 'platBmId', '0', '0', NULL, '1', '1', '1', '1', 'EQ', 'input', '', 2, '1', '2025-03-30 18:05:11', '', '2025-04-02 16:51:28');
INSERT INTO `gen_table_column` (`column_id`, `table_id`, `column_name`, `column_comment`, `column_type`, `java_type`, `java_field`, `is_pk`, `is_increment`, `is_required`, `is_insert`, `is_edit`, `is_list`, `is_query`, `query_type`, `html_type`, `dict_type`, `sort`, `create_by`, `create_time`, `update_by`, `update_time`) VALUES (525, 38, 'plat_bm_name', '平台bm名称', 'varchar(255)', 'String', 'platBmName', '0', '0', NULL, '1', '1', '1', '1', 'LIKE', 'input', '', 3, '1', '2025-03-30 18:05:11', '', '2025-04-02 16:51:28');
INSERT INTO `gen_table_column` (`column_id`, `table_id`, `column_name`, `column_comment`, `column_type`, `java_type`, `java_field`, `is_pk`, `is_increment`, `is_required`, `is_insert`, `is_edit`, `is_list`, `is_query`, `query_type`, `html_type`, `dict_type`, `sort`, `create_by`, `create_time`, `update_by`, `update_time`) VALUES (526, 38, 'plat_code', '平台code', 'varchar(255)', 'String', 'platCode', '0', '0', NULL, '1', '1', '1', '1', 'EQ', 'input', '', 4, '1', '2025-03-30 18:05:11', '', '2025-04-02 16:51:28');
INSERT INTO `gen_table_column` (`column_id`, `table_id`, `column_name`, `column_comment`, `column_type`, `java_type`, `java_field`, `is_pk`, `is_increment`, `is_required`, `is_insert`, `is_edit`, `is_list`, `is_query`, `query_type`, `html_type`, `dict_type`, `sort`, `create_by`, `create_time`, `update_by`, `update_time`) VALUES (527, 38, 'agent_code', '代理', 'varchar(255)', 'String', 'agentCode', '0', '0', NULL, '1', '1', '1', '1', 'EQ', 'input', '', 5, '1', '2025-03-30 18:05:11', '', '2025-04-02 16:51:28');
INSERT INTO `gen_table_column` (`column_id`, `table_id`, `column_name`, `column_comment`, `column_type`, `java_type`, `java_field`, `is_pk`, `is_increment`, `is_required`, `is_insert`, `is_edit`, `is_list`, `is_query`, `query_type`, `html_type`, `dict_type`, `sort`, `create_by`, `create_time`, `update_by`, `update_time`) VALUES (528, 38, 'bm_category', 'BM类型 企业户 二不限 三不限 分享户', 'varchar(255)', 'String', 'bmCategory', '0', '0', NULL, '1', '1', '1', '1', 'EQ', 'input', '', 6, '1', '2025-03-30 18:05:11', '', '2025-04-02 16:51:28');
INSERT INTO `gen_table_column` (`column_id`, `table_id`, `column_name`, `column_comment`, `column_type`, `java_type`, `java_field`, `is_pk`, `is_increment`, `is_required`, `is_insert`, `is_edit`, `is_list`, `is_query`, `query_type`, `html_type`, `dict_type`, `sort`, `create_by`, `create_time`, `update_by`, `update_time`) VALUES (529, 38, 'time_zone', '时区', 'varchar(255)', 'String', 'timeZone', '0', '0', NULL, '1', '1', '1', '1', 'EQ', 'input', '', 7, '1', '2025-03-30 18:05:11', '', '2025-04-02 16:51:28');
INSERT INTO `gen_table_column` (`column_id`, `table_id`, `column_name`, `column_comment`, `column_type`, `java_type`, `java_field`, `is_pk`, `is_increment`, `is_required`, `is_insert`, `is_edit`, `is_list`, `is_query`, `query_type`, `html_type`, `dict_type`, `sort`, `create_by`, `create_time`, `update_by`, `update_time`) VALUES (530, 38, 'state', 'BM状态', 'varchar(255)', 'String', 'state', '0', '0', NULL, '1', '1', '1', '1', 'EQ', 'input', '', 8, '1', '2025-03-30 18:05:11', '', '2025-04-02 16:51:28');
INSERT INTO `gen_table_column` (`column_id`, `table_id`, `column_name`, `column_comment`, `column_type`, `java_type`, `java_field`, `is_pk`, `is_increment`, `is_required`, `is_insert`, `is_edit`, `is_list`, `is_query`, `query_type`, `html_type`, `dict_type`, `sort`, `create_by`, `create_time`, `update_by`, `update_time`) VALUES (531, 38, 'remark', '备注', 'varchar(255)', 'String', 'remark', '0', '0', NULL, '1', '1', '1', NULL, 'EQ', 'input', '', 9, '1', '2025-03-30 18:05:11', '', '2025-04-02 16:51:28');
INSERT INTO `gen_table_column` (`column_id`, `table_id`, `column_name`, `column_comment`, `column_type`, `java_type`, `java_field`, `is_pk`, `is_increment`, `is_required`, `is_insert`, `is_edit`, `is_list`, `is_query`, `query_type`, `html_type`, `dict_type`, `sort`, `create_by`, `create_time`, `update_by`, `update_time`) VALUES (532, 38, 'create_time', '创建时间', 'datetime', 'Date', 'createTime', '0', '0', NULL, '1', NULL, NULL, NULL, 'EQ', 'datetime', '', 13, '1', '2025-03-30 18:05:11', '', '2025-04-02 16:51:28');
INSERT INTO `gen_table_column` (`column_id`, `table_id`, `column_name`, `column_comment`, `column_type`, `java_type`, `java_field`, `is_pk`, `is_increment`, `is_required`, `is_insert`, `is_edit`, `is_list`, `is_query`, `query_type`, `html_type`, `dict_type`, `sort`, `create_by`, `create_time`, `update_by`, `update_time`) VALUES (534, 39, 'data_id', '唯一id', 'varchar(30)', 'String', 'dataId', '1', '0', NULL, '1', NULL, NULL, NULL, 'EQ', 'input', '', 1, '1', '2025-03-30 18:05:11', '', '2025-04-02 16:51:30');
INSERT INTO `gen_table_column` (`column_id`, `table_id`, `column_name`, `column_comment`, `column_type`, `java_type`, `java_field`, `is_pk`, `is_increment`, `is_required`, `is_insert`, `is_edit`, `is_list`, `is_query`, `query_type`, `html_type`, `dict_type`, `sort`, `create_by`, `create_time`, `update_by`, `update_time`) VALUES (535, 39, 'data_date', '数据日期', 'varchar(255)', 'String', 'dataDate', '0', '0', NULL, '1', '1', '1', '1', 'EQ', 'input', '', 2, '1', '2025-03-30 18:05:11', '', '2025-04-02 16:51:30');
INSERT INTO `gen_table_column` (`column_id`, `table_id`, `column_name`, `column_comment`, `column_type`, `java_type`, `java_field`, `is_pk`, `is_increment`, `is_required`, `is_insert`, `is_edit`, `is_list`, `is_query`, `query_type`, `html_type`, `dict_type`, `sort`, `create_by`, `create_time`, `update_by`, `update_time`) VALUES (536, 39, 'business_uid', '商务id', 'bigint', 'Long', 'businessUid', '0', '0', '1', '1', '1', '1', '1', 'EQ', 'input', '', 3, '1', '2025-03-30 18:05:12', '', '2025-04-02 16:51:30');
INSERT INTO `gen_table_column` (`column_id`, `table_id`, `column_name`, `column_comment`, `column_type`, `java_type`, `java_field`, `is_pk`, `is_increment`, `is_required`, `is_insert`, `is_edit`, `is_list`, `is_query`, `query_type`, `html_type`, `dict_type`, `sort`, `create_by`, `create_time`, `update_by`, `update_time`) VALUES (537, 39, 'business_uname', '商务', 'varchar(255)', 'String', 'businessUname', '0', '0', '1', '1', '1', '1', '1', 'LIKE', 'input', '', 4, '1', '2025-03-30 18:05:12', '', '2025-04-02 16:51:30');
INSERT INTO `gen_table_column` (`column_id`, `table_id`, `column_name`, `column_comment`, `column_type`, `java_type`, `java_field`, `is_pk`, `is_increment`, `is_required`, `is_insert`, `is_edit`, `is_list`, `is_query`, `query_type`, `html_type`, `dict_type`, `sort`, `create_by`, `create_time`, `update_by`, `update_time`) VALUES (538, 39, 'project_id', '项目id', 'bigint', 'Long', 'projectId', '0', '0', NULL, '1', '1', '1', '1', 'EQ', 'input', '', 5, '1', '2025-03-30 18:05:12', '', '2025-04-02 16:51:30');
INSERT INTO `gen_table_column` (`column_id`, `table_id`, `column_name`, `column_comment`, `column_type`, `java_type`, `java_field`, `is_pk`, `is_increment`, `is_required`, `is_insert`, `is_edit`, `is_list`, `is_query`, `query_type`, `html_type`, `dict_type`, `sort`, `create_by`, `create_time`, `update_by`, `update_time`) VALUES (539, 39, 'project_code', '项目code', 'varchar(255)', 'String', 'projectCode', '0', '0', NULL, '1', '1', '1', '1', 'EQ', 'input', '', 6, '1', '2025-03-30 18:05:12', '', '2025-04-02 16:51:30');
INSERT INTO `gen_table_column` (`column_id`, `table_id`, `column_name`, `column_comment`, `column_type`, `java_type`, `java_field`, `is_pk`, `is_increment`, `is_required`, `is_insert`, `is_edit`, `is_list`, `is_query`, `query_type`, `html_type`, `dict_type`, `sort`, `create_by`, `create_time`, `update_by`, `update_time`) VALUES (540, 39, 'project_name', '项目名', 'varchar(255)', 'String', 'projectName', '0', '0', NULL, '1', '1', '1', '1', 'LIKE', 'input', '', 7, '1', '2025-03-30 18:05:12', '', '2025-04-02 16:51:30');
INSERT INTO `gen_table_column` (`column_id`, `table_id`, `column_name`, `column_comment`, `column_type`, `java_type`, `java_field`, `is_pk`, `is_increment`, `is_required`, `is_insert`, `is_edit`, `is_list`, `is_query`, `query_type`, `html_type`, `dict_type`, `sort`, `create_by`, `create_time`, `update_by`, `update_time`) VALUES (541, 39, 'project_area_id', '地区id', 'bigint', 'Long', 'projectAreaId', '0', '0', NULL, '1', '1', '1', '1', 'EQ', 'input', '', 8, '1', '2025-03-30 18:05:12', '', '2025-04-02 16:51:30');
INSERT INTO `gen_table_column` (`column_id`, `table_id`, `column_name`, `column_comment`, `column_type`, `java_type`, `java_field`, `is_pk`, `is_increment`, `is_required`, `is_insert`, `is_edit`, `is_list`, `is_query`, `query_type`, `html_type`, `dict_type`, `sort`, `create_by`, `create_time`, `update_by`, `update_time`) VALUES (542, 39, 'project_area_name', '项目地区', 'varchar(255)', 'String', 'projectAreaName', '0', '0', NULL, '1', '1', '1', '1', 'LIKE', 'input', '', 9, '1', '2025-03-30 18:05:12', '', '2025-04-02 16:51:30');
INSERT INTO `gen_table_column` (`column_id`, `table_id`, `column_name`, `column_comment`, `column_type`, `java_type`, `java_field`, `is_pk`, `is_increment`, `is_required`, `is_insert`, `is_edit`, `is_list`, `is_query`, `query_type`, `html_type`, `dict_type`, `sort`, `create_by`, `create_time`, `update_by`, `update_time`) VALUES (543, 39, 'plat_code', '平台id', 'varchar(255)', 'String', 'platCode', '0', '0', NULL, '1', '1', '1', '1', 'EQ', 'input', '', 10, '1', '2025-03-30 18:05:12', '', '2025-04-02 16:51:30');
INSERT INTO `gen_table_column` (`column_id`, `table_id`, `column_name`, `column_comment`, `column_type`, `java_type`, `java_field`, `is_pk`, `is_increment`, `is_required`, `is_insert`, `is_edit`, `is_list`, `is_query`, `query_type`, `html_type`, `dict_type`, `sort`, `create_by`, `create_time`, `update_by`, `update_time`) VALUES (544, 39, 'plat_name', '平台名', 'varchar(255)', 'String', 'platName', '0', '0', NULL, '1', '1', '1', '1', 'LIKE', 'input', '', 11, '1', '2025-03-30 18:05:12', '', '2025-04-02 16:51:30');
INSERT INTO `gen_table_column` (`column_id`, `table_id`, `column_name`, `column_comment`, `column_type`, `java_type`, `java_field`, `is_pk`, `is_increment`, `is_required`, `is_insert`, `is_edit`, `is_list`, `is_query`, `query_type`, `html_type`, `dict_type`, `sort`, `create_by`, `create_time`, `update_by`, `update_time`) VALUES (545, 39, 'optimizer_uid', '优化师id', 'bigint', 'Long', 'optimizerUid', '0', '0', '1', '1', '1', '1', '1', 'EQ', 'input', '', 12, '1', '2025-03-30 18:05:12', '', '2025-04-02 16:51:31');
INSERT INTO `gen_table_column` (`column_id`, `table_id`, `column_name`, `column_comment`, `column_type`, `java_type`, `java_field`, `is_pk`, `is_increment`, `is_required`, `is_insert`, `is_edit`, `is_list`, `is_query`, `query_type`, `html_type`, `dict_type`, `sort`, `create_by`, `create_time`, `update_by`, `update_time`) VALUES (546, 39, 'optimizer_uname', '优化师', 'varchar(255)', 'String', 'optimizerUname', '0', '0', '1', '1', '1', '1', '1', 'LIKE', 'input', '', 13, '1', '2025-03-30 18:05:12', '', '2025-04-02 16:51:31');
INSERT INTO `gen_table_column` (`column_id`, `table_id`, `column_name`, `column_comment`, `column_type`, `java_type`, `java_field`, `is_pk`, `is_increment`, `is_required`, `is_insert`, `is_edit`, `is_list`, `is_query`, `query_type`, `html_type`, `dict_type`, `sort`, `create_by`, `create_time`, `update_by`, `update_time`) VALUES (547, 39, 'channel_code', '渠道号', 'varchar(255)', 'String', 'channelCode', '0', '0', '1', '1', '1', '1', '1', 'EQ', 'input', '', 14, '1', '2025-03-30 18:05:12', '', '2025-04-02 16:51:31');
INSERT INTO `gen_table_column` (`column_id`, `table_id`, `column_name`, `column_comment`, `column_type`, `java_type`, `java_field`, `is_pk`, `is_increment`, `is_required`, `is_insert`, `is_edit`, `is_list`, `is_query`, `query_type`, `html_type`, `dict_type`, `sort`, `create_by`, `create_time`, `update_by`, `update_time`) VALUES (548, 39, 'time_zone', '时区', 'varchar(255)', 'String', 'timeZone', '0', '0', NULL, '1', '1', '1', '1', 'EQ', 'input', '', 15, '1', '2025-03-30 18:05:12', '', '2025-04-02 16:51:31');
INSERT INTO `gen_table_column` (`column_id`, `table_id`, `column_name`, `column_comment`, `column_type`, `java_type`, `java_field`, `is_pk`, `is_increment`, `is_required`, `is_insert`, `is_edit`, `is_list`, `is_query`, `query_type`, `html_type`, `dict_type`, `sort`, `create_by`, `create_time`, `update_by`, `update_time`) VALUES (549, 39, 'comsume_amt', '消耗', 'decimal(12,2)', 'BigDecimal', 'comsumeAmt', '0', '0', NULL, '1', '1', '1', '1', 'EQ', 'input', '', 16, '1', '2025-03-30 18:05:12', '', '2025-04-02 16:51:31');
INSERT INTO `gen_table_column` (`column_id`, `table_id`, `column_name`, `column_comment`, `column_type`, `java_type`, `java_field`, `is_pk`, `is_increment`, `is_required`, `is_insert`, `is_edit`, `is_list`, `is_query`, `query_type`, `html_type`, `dict_type`, `sort`, `create_by`, `create_time`, `update_by`, `update_time`) VALUES (550, 39, 'register_num', '注册', 'int', 'Long', 'registerNum', '0', '0', NULL, '1', '1', '1', '1', 'EQ', 'input', '', 17, '1', '2025-03-30 18:05:12', '', '2025-04-02 16:51:31');
INSERT INTO `gen_table_column` (`column_id`, `table_id`, `column_name`, `column_comment`, `column_type`, `java_type`, `java_field`, `is_pk`, `is_increment`, `is_required`, `is_insert`, `is_edit`, `is_list`, `is_query`, `query_type`, `html_type`, `dict_type`, `sort`, `create_by`, `create_time`, `update_by`, `update_time`) VALUES (551, 39, 'register_fee', '单次成效费用', 'decimal(10,2)', 'BigDecimal', 'registerFee', '0', '0', NULL, '1', '1', '1', '1', 'EQ', 'input', '', 18, '1', '2025-03-30 18:05:13', '', '2025-04-02 16:51:31');
INSERT INTO `gen_table_column` (`column_id`, `table_id`, `column_name`, `column_comment`, `column_type`, `java_type`, `java_field`, `is_pk`, `is_increment`, `is_required`, `is_insert`, `is_edit`, `is_list`, `is_query`, `query_type`, `html_type`, `dict_type`, `sort`, `create_by`, `create_time`, `update_by`, `update_time`) VALUES (552, 39, 'effective_num', '成效', 'int', 'Long', 'effectiveNum', '0', '0', NULL, '1', '1', '1', '1', 'EQ', 'input', '', 19, '1', '2025-03-30 18:05:13', '', '2025-04-02 16:51:31');
INSERT INTO `gen_table_column` (`column_id`, `table_id`, `column_name`, `column_comment`, `column_type`, `java_type`, `java_field`, `is_pk`, `is_increment`, `is_required`, `is_insert`, `is_edit`, `is_list`, `is_query`, `query_type`, `html_type`, `dict_type`, `sort`, `create_by`, `create_time`, `update_by`, `update_time`) VALUES (553, 39, 'effective_fee', '单次成效费用', 'decimal(10,2)', 'BigDecimal', 'effectiveFee', '0', '0', NULL, '1', '1', '1', '1', 'EQ', 'input', '', 20, '1', '2025-03-30 18:05:13', '', '2025-04-02 16:51:31');
INSERT INTO `gen_table_column` (`column_id`, `table_id`, `column_name`, `column_comment`, `column_type`, `java_type`, `java_field`, `is_pk`, `is_increment`, `is_required`, `is_insert`, `is_edit`, `is_list`, `is_query`, `query_type`, `html_type`, `dict_type`, `sort`, `create_by`, `create_time`, `update_by`, `update_time`) VALUES (554, 39, 'show_num', '展示', 'int', 'Long', 'showNum', '0', '0', NULL, '1', '1', '1', '1', 'EQ', 'input', '', 21, '1', '2025-03-30 18:05:13', '', '2025-04-02 16:51:31');
INSERT INTO `gen_table_column` (`column_id`, `table_id`, `column_name`, `column_comment`, `column_type`, `java_type`, `java_field`, `is_pk`, `is_increment`, `is_required`, `is_insert`, `is_edit`, `is_list`, `is_query`, `query_type`, `html_type`, `dict_type`, `sort`, `create_by`, `create_time`, `update_by`, `update_time`) VALUES (555, 39, 'cmp', '千次展示费用', 'decimal(10,2)', 'BigDecimal', 'cmp', '0', '0', NULL, '1', '1', '1', '1', 'EQ', 'input', '', 22, '1', '2025-03-30 18:05:13', '', '2025-04-02 16:51:31');
INSERT INTO `gen_table_column` (`column_id`, `table_id`, `column_name`, `column_comment`, `column_type`, `java_type`, `java_field`, `is_pk`, `is_increment`, `is_required`, `is_insert`, `is_edit`, `is_list`, `is_query`, `query_type`, `html_type`, `dict_type`, `sort`, `create_by`, `create_time`, `update_by`, `update_time`) VALUES (556, 39, 'click_num', '点击', 'int', 'Long', 'clickNum', '0', '0', NULL, '1', '1', '1', '1', 'EQ', 'input', '', 23, '1', '2025-03-30 18:05:13', '', '2025-04-02 16:51:31');
INSERT INTO `gen_table_column` (`column_id`, `table_id`, `column_name`, `column_comment`, `column_type`, `java_type`, `java_field`, `is_pk`, `is_increment`, `is_required`, `is_insert`, `is_edit`, `is_list`, `is_query`, `query_type`, `html_type`, `dict_type`, `sort`, `create_by`, `create_time`, `update_by`, `update_time`) VALUES (557, 39, 'click_fee', '单次链接点击费用', 'decimal(10,2)', 'BigDecimal', 'clickFee', '0', '0', NULL, '1', '1', '1', '1', 'EQ', 'input', '', 24, '1', '2025-03-30 18:05:13', '', '2025-04-02 16:51:32');
INSERT INTO `gen_table_column` (`column_id`, `table_id`, `column_name`, `column_comment`, `column_type`, `java_type`, `java_field`, `is_pk`, `is_increment`, `is_required`, `is_insert`, `is_edit`, `is_list`, `is_query`, `query_type`, `html_type`, `dict_type`, `sort`, `create_by`, `create_time`, `update_by`, `update_time`) VALUES (558, 39, 'launch_settle_num', '发起结账', 'int', 'Long', 'launchSettleNum', '0', '0', NULL, '1', '1', '1', '1', 'EQ', 'input', '', 25, '1', '2025-03-30 18:05:13', '', '2025-04-02 16:51:32');
INSERT INTO `gen_table_column` (`column_id`, `table_id`, `column_name`, `column_comment`, `column_type`, `java_type`, `java_field`, `is_pk`, `is_increment`, `is_required`, `is_insert`, `is_edit`, `is_list`, `is_query`, `query_type`, `html_type`, `dict_type`, `sort`, `create_by`, `create_time`, `update_by`, `update_time`) VALUES (559, 39, 'remark', '备注', 'varchar(255)', 'String', 'remark', '0', '0', NULL, '1', '1', '1', NULL, 'EQ', 'input', '', 26, '1', '2025-03-30 18:05:13', '', '2025-04-02 16:51:32');
INSERT INTO `gen_table_column` (`column_id`, `table_id`, `column_name`, `column_comment`, `column_type`, `java_type`, `java_field`, `is_pk`, `is_increment`, `is_required`, `is_insert`, `is_edit`, `is_list`, `is_query`, `query_type`, `html_type`, `dict_type`, `sort`, `create_by`, `create_time`, `update_by`, `update_time`) VALUES (560, 39, 'create_time', '创建时间', 'datetime', 'Date', 'createTime', '0', '0', NULL, '1', NULL, NULL, NULL, 'EQ', 'datetime', '', 30, '1', '2025-03-30 18:05:13', '', '2025-04-02 16:51:32');
INSERT INTO `gen_table_column` (`column_id`, `table_id`, `column_name`, `column_comment`, `column_type`, `java_type`, `java_field`, `is_pk`, `is_increment`, `is_required`, `is_insert`, `is_edit`, `is_list`, `is_query`, `query_type`, `html_type`, `dict_type`, `sort`, `create_by`, `create_time`, `update_by`, `update_time`) VALUES (562, 40, 'channel_id', '渠道id', 'bigint', 'Long', 'channelId', '1', '0', NULL, '1', NULL, NULL, NULL, 'EQ', 'input', '', 1, '1', '2025-03-30 18:05:13', '', '2025-04-02 16:53:46');
INSERT INTO `gen_table_column` (`column_id`, `table_id`, `column_name`, `column_comment`, `column_type`, `java_type`, `java_field`, `is_pk`, `is_increment`, `is_required`, `is_insert`, `is_edit`, `is_list`, `is_query`, `query_type`, `html_type`, `dict_type`, `sort`, `create_by`, `create_time`, `update_by`, `update_time`) VALUES (563, 40, 'channel_code', '渠道号', 'varchar(255)', 'String', 'channelCode', '0', '0', '1', '1', '1', '1', '1', 'EQ', 'input', '', 2, '1', '2025-03-30 18:05:13', '', '2025-04-02 16:53:46');
INSERT INTO `gen_table_column` (`column_id`, `table_id`, `column_name`, `column_comment`, `column_type`, `java_type`, `java_field`, `is_pk`, `is_increment`, `is_required`, `is_insert`, `is_edit`, `is_list`, `is_query`, `query_type`, `html_type`, `dict_type`, `sort`, `create_by`, `create_time`, `update_by`, `update_time`) VALUES (564, 40, 'project_id', '项目id', 'bigint', 'Long', 'projectId', '0', '0', '1', '1', '1', '1', '1', 'EQ', 'input', '', 3, '1', '2025-03-30 18:05:13', '', '2025-04-02 16:53:46');
INSERT INTO `gen_table_column` (`column_id`, `table_id`, `column_name`, `column_comment`, `column_type`, `java_type`, `java_field`, `is_pk`, `is_increment`, `is_required`, `is_insert`, `is_edit`, `is_list`, `is_query`, `query_type`, `html_type`, `dict_type`, `sort`, `create_by`, `create_time`, `update_by`, `update_time`) VALUES (565, 40, 'optimizer_uid', '优化师id', 'bigint', 'Long', 'optimizerUid', '0', '0', '1', '1', '1', '1', '1', 'EQ', 'input', '', 4, '1', '2025-03-30 18:05:13', '', '2025-04-02 16:53:46');
INSERT INTO `gen_table_column` (`column_id`, `table_id`, `column_name`, `column_comment`, `column_type`, `java_type`, `java_field`, `is_pk`, `is_increment`, `is_required`, `is_insert`, `is_edit`, `is_list`, `is_query`, `query_type`, `html_type`, `dict_type`, `sort`, `create_by`, `create_time`, `update_by`, `update_time`) VALUES (566, 40, 'remark', '备注', 'varchar(255)', 'String', 'remark', '0', '0', NULL, '1', '1', '1', NULL, 'EQ', 'input', '', 5, '1', '2025-03-30 18:05:14', '', '2025-04-02 16:53:46');
INSERT INTO `gen_table_column` (`column_id`, `table_id`, `column_name`, `column_comment`, `column_type`, `java_type`, `java_field`, `is_pk`, `is_increment`, `is_required`, `is_insert`, `is_edit`, `is_list`, `is_query`, `query_type`, `html_type`, `dict_type`, `sort`, `create_by`, `create_time`, `update_by`, `update_time`) VALUES (567, 40, 'create_time', '创建时间', 'datetime', 'Date', 'createTime', '0', '0', NULL, '1', NULL, NULL, NULL, 'EQ', 'datetime', '', 9, '1', '2025-03-30 18:05:14', '', '2025-04-02 16:53:46');
INSERT INTO `gen_table_column` (`column_id`, `table_id`, `column_name`, `column_comment`, `column_type`, `java_type`, `java_field`, `is_pk`, `is_increment`, `is_required`, `is_insert`, `is_edit`, `is_list`, `is_query`, `query_type`, `html_type`, `dict_type`, `sort`, `create_by`, `create_time`, `update_by`, `update_time`) VALUES (569, 41, 'detail_id', '唯一id', 'bigint', 'Long', 'detailId', '0', '0', '1', '1', '1', '1', '1', 'EQ', 'input', '', 1, '1', '2025-03-30 18:05:14', '', '2025-04-02 16:53:47');
INSERT INTO `gen_table_column` (`column_id`, `table_id`, `column_name`, `column_comment`, `column_type`, `java_type`, `java_field`, `is_pk`, `is_increment`, `is_required`, `is_insert`, `is_edit`, `is_list`, `is_query`, `query_type`, `html_type`, `dict_type`, `sort`, `create_by`, `create_time`, `update_by`, `update_time`) VALUES (570, 41, 'domain_id', '域名id', 'bigint', 'Long', 'domainId', '1', '0', NULL, '1', NULL, NULL, NULL, 'EQ', 'input', '', 2, '1', '2025-03-30 18:05:14', '', '2025-04-02 16:53:48');
INSERT INTO `gen_table_column` (`column_id`, `table_id`, `column_name`, `column_comment`, `column_type`, `java_type`, `java_field`, `is_pk`, `is_increment`, `is_required`, `is_insert`, `is_edit`, `is_list`, `is_query`, `query_type`, `html_type`, `dict_type`, `sort`, `create_by`, `create_time`, `update_by`, `update_time`) VALUES (571, 41, 'domain_name', '域名', 'varchar(255)', 'String', 'domainName', '0', '0', NULL, '1', '1', '1', '1', 'LIKE', 'input', '', 3, '1', '2025-03-30 18:05:14', '', '2025-04-02 16:53:48');
INSERT INTO `gen_table_column` (`column_id`, `table_id`, `column_name`, `column_comment`, `column_type`, `java_type`, `java_field`, `is_pk`, `is_increment`, `is_required`, `is_insert`, `is_edit`, `is_list`, `is_query`, `query_type`, `html_type`, `dict_type`, `sort`, `create_by`, `create_time`, `update_by`, `update_time`) VALUES (572, 41, 'tmp_id', '网站模板', 'varchar(255)', 'String', 'tmpId', '0', '0', NULL, '1', '1', '1', '1', 'EQ', 'input', '', 4, '1', '2025-03-30 18:05:15', '', '2025-04-02 16:53:48');
INSERT INTO `gen_table_column` (`column_id`, `table_id`, `column_name`, `column_comment`, `column_type`, `java_type`, `java_field`, `is_pk`, `is_increment`, `is_required`, `is_insert`, `is_edit`, `is_list`, `is_query`, `query_type`, `html_type`, `dict_type`, `sort`, `create_by`, `create_time`, `update_by`, `update_time`) VALUES (573, 41, 'site_lang', '网站语言', 'varchar(255)', 'String', 'siteLang', '0', '0', NULL, '1', '1', '1', '1', 'EQ', 'input', '', 5, '1', '2025-03-30 18:05:15', '', '2025-04-02 16:53:48');
INSERT INTO `gen_table_column` (`column_id`, `table_id`, `column_name`, `column_comment`, `column_type`, `java_type`, `java_field`, `is_pk`, `is_increment`, `is_required`, `is_insert`, `is_edit`, `is_list`, `is_query`, `query_type`, `html_type`, `dict_type`, `sort`, `create_by`, `create_time`, `update_by`, `update_time`) VALUES (574, 41, 'web_page', 'A面', 'varchar(255)', 'String', 'webPage', '0', '0', NULL, '1', '1', '1', '1', 'EQ', 'input', '', 6, '1', '2025-03-30 18:05:15', '', '2025-04-02 16:53:48');
INSERT INTO `gen_table_column` (`column_id`, `table_id`, `column_name`, `column_comment`, `column_type`, `java_type`, `java_field`, `is_pk`, `is_increment`, `is_required`, `is_insert`, `is_edit`, `is_list`, `is_query`, `query_type`, `html_type`, `dict_type`, `sort`, `create_by`, `create_time`, `update_by`, `update_time`) VALUES (575, 41, 'langding_page', 'B面', 'varchar(255)', 'String', 'langdingPage', '0', '0', NULL, '1', '1', '1', '1', 'EQ', 'input', '', 7, '1', '2025-03-30 18:05:15', '', '2025-04-02 16:53:48');
INSERT INTO `gen_table_column` (`column_id`, `table_id`, `column_name`, `column_comment`, `column_type`, `java_type`, `java_field`, `is_pk`, `is_increment`, `is_required`, `is_insert`, `is_edit`, `is_list`, `is_query`, `query_type`, `html_type`, `dict_type`, `sort`, `create_by`, `create_time`, `update_by`, `update_time`) VALUES (576, 41, 'data_state', '状态 开启 关闭', 'varchar(255)', 'String', 'dataState', '0', '0', NULL, '1', '1', '1', '1', 'EQ', 'input', '', 8, '1', '2025-03-30 18:05:15', '', '2025-04-02 16:53:48');
INSERT INTO `gen_table_column` (`column_id`, `table_id`, `column_name`, `column_comment`, `column_type`, `java_type`, `java_field`, `is_pk`, `is_increment`, `is_required`, `is_insert`, `is_edit`, `is_list`, `is_query`, `query_type`, `html_type`, `dict_type`, `sort`, `create_by`, `create_time`, `update_by`, `update_time`) VALUES (577, 41, 'optimizer_uid', '优化师id', 'bigint', 'Long', 'optimizerUid', '0', '0', NULL, '1', '1', '1', '1', 'EQ', 'input', '', 9, '1', '2025-03-30 18:05:15', '', '2025-04-02 16:53:48');
INSERT INTO `gen_table_column` (`column_id`, `table_id`, `column_name`, `column_comment`, `column_type`, `java_type`, `java_field`, `is_pk`, `is_increment`, `is_required`, `is_insert`, `is_edit`, `is_list`, `is_query`, `query_type`, `html_type`, `dict_type`, `sort`, `create_by`, `create_time`, `update_by`, `update_time`) VALUES (578, 41, 'remark', '备注', 'varchar(255)', 'String', 'remark', '0', '0', NULL, '1', '1', '1', NULL, 'EQ', 'input', '', 10, '1', '2025-03-30 18:05:15', '', '2025-04-02 16:53:48');
INSERT INTO `gen_table_column` (`column_id`, `table_id`, `column_name`, `column_comment`, `column_type`, `java_type`, `java_field`, `is_pk`, `is_increment`, `is_required`, `is_insert`, `is_edit`, `is_list`, `is_query`, `query_type`, `html_type`, `dict_type`, `sort`, `create_by`, `create_time`, `update_by`, `update_time`) VALUES (579, 41, 'create_time', '创建时间', 'datetime', 'Date', 'createTime', '0', '0', NULL, '1', NULL, NULL, NULL, 'EQ', 'datetime', '', 14, '1', '2025-03-30 18:05:15', '', '2025-04-02 16:53:48');
INSERT INTO `gen_table_column` (`column_id`, `table_id`, `column_name`, `column_comment`, `column_type`, `java_type`, `java_field`, `is_pk`, `is_increment`, `is_required`, `is_insert`, `is_edit`, `is_list`, `is_query`, `query_type`, `html_type`, `dict_type`, `sort`, `create_by`, `create_time`, `update_by`, `update_time`) VALUES (581, 42, 'domain_id', '唯一id', 'bigint', 'Long', 'domainId', '1', '0', NULL, '1', NULL, NULL, NULL, 'EQ', 'input', '', 1, '1', '2025-03-30 18:05:15', '', '2025-04-02 16:53:53');
INSERT INTO `gen_table_column` (`column_id`, `table_id`, `column_name`, `column_comment`, `column_type`, `java_type`, `java_field`, `is_pk`, `is_increment`, `is_required`, `is_insert`, `is_edit`, `is_list`, `is_query`, `query_type`, `html_type`, `dict_type`, `sort`, `create_by`, `create_time`, `update_by`, `update_time`) VALUES (582, 42, 'domain_name', '域名', 'varchar(255)', 'String', 'domainName', '0', '0', NULL, '1', '1', '1', '1', 'LIKE', 'input', '', 2, '1', '2025-03-30 18:05:15', '', '2025-04-02 16:53:53');
INSERT INTO `gen_table_column` (`column_id`, `table_id`, `column_name`, `column_comment`, `column_type`, `java_type`, `java_field`, `is_pk`, `is_increment`, `is_required`, `is_insert`, `is_edit`, `is_list`, `is_query`, `query_type`, `html_type`, `dict_type`, `sort`, `create_by`, `create_time`, `update_by`, `update_time`) VALUES (583, 42, 'nation', '国家', 'varchar(255)', 'String', 'nation', '0', '0', NULL, '1', '1', '1', '1', 'EQ', 'input', '', 3, '1', '2025-03-30 18:05:15', '', '2025-04-02 16:53:53');
INSERT INTO `gen_table_column` (`column_id`, `table_id`, `column_name`, `column_comment`, `column_type`, `java_type`, `java_field`, `is_pk`, `is_increment`, `is_required`, `is_insert`, `is_edit`, `is_list`, `is_query`, `query_type`, `html_type`, `dict_type`, `sort`, `create_by`, `create_time`, `update_by`, `update_time`) VALUES (584, 42, 'state', '状态', 'varchar(255)', 'String', 'state', '0', '0', NULL, '1', '1', '1', '1', 'EQ', 'input', '', 4, '1', '2025-03-30 18:05:16', '', '2025-04-02 16:53:53');
INSERT INTO `gen_table_column` (`column_id`, `table_id`, `column_name`, `column_comment`, `column_type`, `java_type`, `java_field`, `is_pk`, `is_increment`, `is_required`, `is_insert`, `is_edit`, `is_list`, `is_query`, `query_type`, `html_type`, `dict_type`, `sort`, `create_by`, `create_time`, `update_by`, `update_time`) VALUES (585, 42, 'remark', '备注', 'varchar(255)', 'String', 'remark', '0', '0', NULL, '1', '1', '1', NULL, 'EQ', 'input', '', 5, '1', '2025-03-30 18:05:16', '', '2025-04-02 16:53:53');
INSERT INTO `gen_table_column` (`column_id`, `table_id`, `column_name`, `column_comment`, `column_type`, `java_type`, `java_field`, `is_pk`, `is_increment`, `is_required`, `is_insert`, `is_edit`, `is_list`, `is_query`, `query_type`, `html_type`, `dict_type`, `sort`, `create_by`, `create_time`, `update_by`, `update_time`) VALUES (586, 42, 'create_time', '创建时间', 'datetime', 'Date', 'createTime', '0', '0', NULL, '1', NULL, NULL, NULL, 'EQ', 'datetime', '', 9, '1', '2025-03-30 18:05:16', '', '2025-04-02 16:53:53');
INSERT INTO `gen_table_column` (`column_id`, `table_id`, `column_name`, `column_comment`, `column_type`, `java_type`, `java_field`, `is_pk`, `is_increment`, `is_required`, `is_insert`, `is_edit`, `is_list`, `is_query`, `query_type`, `html_type`, `dict_type`, `sort`, `create_by`, `create_time`, `update_by`, `update_time`) VALUES (588, 43, 'tmpl_id', '唯一id', 'bigint', 'Long', 'tmplId', '1', '0', NULL, '1', NULL, NULL, NULL, 'EQ', 'input', '', 1, '1', '2025-03-30 18:05:16', '', '2025-04-02 16:53:51');
INSERT INTO `gen_table_column` (`column_id`, `table_id`, `column_name`, `column_comment`, `column_type`, `java_type`, `java_field`, `is_pk`, `is_increment`, `is_required`, `is_insert`, `is_edit`, `is_list`, `is_query`, `query_type`, `html_type`, `dict_type`, `sort`, `create_by`, `create_time`, `update_by`, `update_time`) VALUES (589, 43, 'site_lang', '网站语言', 'varchar(255)', 'String', 'siteLang', '0', '0', NULL, '1', '1', '1', '1', 'EQ', 'input', '', 2, '1', '2025-03-30 18:05:16', '', '2025-04-02 16:53:51');
INSERT INTO `gen_table_column` (`column_id`, `table_id`, `column_name`, `column_comment`, `column_type`, `java_type`, `java_field`, `is_pk`, `is_increment`, `is_required`, `is_insert`, `is_edit`, `is_list`, `is_query`, `query_type`, `html_type`, `dict_type`, `sort`, `create_by`, `create_time`, `update_by`, `update_time`) VALUES (590, 43, 'site_content', '网站内容', 'varchar(255)', 'String', 'siteContent', '0', '0', NULL, '1', '1', '1', '1', 'EQ', 'editor', '', 3, '1', '2025-03-30 18:05:16', '', '2025-04-02 16:53:51');
INSERT INTO `gen_table_column` (`column_id`, `table_id`, `column_name`, `column_comment`, `column_type`, `java_type`, `java_field`, `is_pk`, `is_increment`, `is_required`, `is_insert`, `is_edit`, `is_list`, `is_query`, `query_type`, `html_type`, `dict_type`, `sort`, `create_by`, `create_time`, `update_by`, `update_time`) VALUES (591, 43, 'remark', '备注', 'varchar(255)', 'String', 'remark', '0', '0', NULL, '1', '1', '1', NULL, 'EQ', 'input', '', 4, '1', '2025-03-30 18:05:16', '', '2025-04-02 16:53:51');
INSERT INTO `gen_table_column` (`column_id`, `table_id`, `column_name`, `column_comment`, `column_type`, `java_type`, `java_field`, `is_pk`, `is_increment`, `is_required`, `is_insert`, `is_edit`, `is_list`, `is_query`, `query_type`, `html_type`, `dict_type`, `sort`, `create_by`, `create_time`, `update_by`, `update_time`) VALUES (592, 43, 'create_time', '创建时间', 'datetime', 'Date', 'createTime', '0', '0', NULL, '1', NULL, NULL, NULL, 'EQ', 'datetime', '', 8, '1', '2025-03-30 18:05:16', '', '2025-04-02 16:53:51');
INSERT INTO `gen_table_column` (`column_id`, `table_id`, `column_name`, `column_comment`, `column_type`, `java_type`, `java_field`, `is_pk`, `is_increment`, `is_required`, `is_insert`, `is_edit`, `is_list`, `is_query`, `query_type`, `html_type`, `dict_type`, `sort`, `create_by`, `create_time`, `update_by`, `update_time`) VALUES (594, 44, 'data_id', '唯一id', 'varchar(30)', 'String', 'dataId', '1', '0', NULL, '1', NULL, NULL, NULL, 'EQ', 'input', '', 1, '1', '2025-03-30 18:05:16', '', '2025-04-02 16:49:09');
INSERT INTO `gen_table_column` (`column_id`, `table_id`, `column_name`, `column_comment`, `column_type`, `java_type`, `java_field`, `is_pk`, `is_increment`, `is_required`, `is_insert`, `is_edit`, `is_list`, `is_query`, `query_type`, `html_type`, `dict_type`, `sort`, `create_by`, `create_time`, `update_by`, `update_time`) VALUES (595, 44, 'data_date', '数据日期', 'varchar(255)', 'String', 'dataDate', '0', '0', NULL, '1', '1', '1', '1', 'EQ', 'input', '', 2, '1', '2025-03-30 18:05:16', '', '2025-04-02 16:49:09');
INSERT INTO `gen_table_column` (`column_id`, `table_id`, `column_name`, `column_comment`, `column_type`, `java_type`, `java_field`, `is_pk`, `is_increment`, `is_required`, `is_insert`, `is_edit`, `is_list`, `is_query`, `query_type`, `html_type`, `dict_type`, `sort`, `create_by`, `create_time`, `update_by`, `update_time`) VALUES (596, 44, 'optimizer_uid', '优化师id', 'bigint', 'Long', 'optimizerUid', '0', '0', '1', '1', '1', '1', '1', 'EQ', 'input', '', 3, '1', '2025-03-30 18:05:16', '', '2025-04-02 16:49:09');
INSERT INTO `gen_table_column` (`column_id`, `table_id`, `column_name`, `column_comment`, `column_type`, `java_type`, `java_field`, `is_pk`, `is_increment`, `is_required`, `is_insert`, `is_edit`, `is_list`, `is_query`, `query_type`, `html_type`, `dict_type`, `sort`, `create_by`, `create_time`, `update_by`, `update_time`) VALUES (597, 44, 'optimizer_uname', '优化师', 'varchar(255)', 'String', 'optimizerUname', '0', '0', '1', '1', '1', '1', '1', 'LIKE', 'input', '', 4, '1', '2025-03-30 18:05:17', '', '2025-04-02 16:49:09');
INSERT INTO `gen_table_column` (`column_id`, `table_id`, `column_name`, `column_comment`, `column_type`, `java_type`, `java_field`, `is_pk`, `is_increment`, `is_required`, `is_insert`, `is_edit`, `is_list`, `is_query`, `query_type`, `html_type`, `dict_type`, `sort`, `create_by`, `create_time`, `update_by`, `update_time`) VALUES (598, 44, 'business_uid', '商务id', 'bigint', 'Long', 'businessUid', '0', '0', '1', '1', '1', '1', '1', 'EQ', 'input', '', 5, '1', '2025-03-30 18:05:17', '', '2025-04-02 16:49:09');
INSERT INTO `gen_table_column` (`column_id`, `table_id`, `column_name`, `column_comment`, `column_type`, `java_type`, `java_field`, `is_pk`, `is_increment`, `is_required`, `is_insert`, `is_edit`, `is_list`, `is_query`, `query_type`, `html_type`, `dict_type`, `sort`, `create_by`, `create_time`, `update_by`, `update_time`) VALUES (599, 44, 'business_uname', '商务', 'varchar(255)', 'String', 'businessUname', '0', '0', '1', '1', '1', '1', '1', 'LIKE', 'input', '', 6, '1', '2025-03-30 18:05:17', '', '2025-04-02 16:49:09');
INSERT INTO `gen_table_column` (`column_id`, `table_id`, `column_name`, `column_comment`, `column_type`, `java_type`, `java_field`, `is_pk`, `is_increment`, `is_required`, `is_insert`, `is_edit`, `is_list`, `is_query`, `query_type`, `html_type`, `dict_type`, `sort`, `create_by`, `create_time`, `update_by`, `update_time`) VALUES (600, 44, 'project_id', '项目id', 'bigint', 'Long', 'projectId', '0', '0', NULL, '1', '1', '1', '1', 'EQ', 'input', '', 7, '1', '2025-03-30 18:05:17', '', '2025-04-02 16:49:09');
INSERT INTO `gen_table_column` (`column_id`, `table_id`, `column_name`, `column_comment`, `column_type`, `java_type`, `java_field`, `is_pk`, `is_increment`, `is_required`, `is_insert`, `is_edit`, `is_list`, `is_query`, `query_type`, `html_type`, `dict_type`, `sort`, `create_by`, `create_time`, `update_by`, `update_time`) VALUES (601, 44, 'project_code', '项目code', 'varchar(255)', 'String', 'projectCode', '0', '0', NULL, '1', '1', '1', '1', 'EQ', 'input', '', 8, '1', '2025-03-30 18:05:17', '', '2025-04-02 16:49:09');
INSERT INTO `gen_table_column` (`column_id`, `table_id`, `column_name`, `column_comment`, `column_type`, `java_type`, `java_field`, `is_pk`, `is_increment`, `is_required`, `is_insert`, `is_edit`, `is_list`, `is_query`, `query_type`, `html_type`, `dict_type`, `sort`, `create_by`, `create_time`, `update_by`, `update_time`) VALUES (602, 44, 'project_name', '项目名', 'varchar(255)', 'String', 'projectName', '0', '0', NULL, '1', '1', '1', '1', 'LIKE', 'input', '', 9, '1', '2025-03-30 18:05:17', '', '2025-04-02 16:49:09');
INSERT INTO `gen_table_column` (`column_id`, `table_id`, `column_name`, `column_comment`, `column_type`, `java_type`, `java_field`, `is_pk`, `is_increment`, `is_required`, `is_insert`, `is_edit`, `is_list`, `is_query`, `query_type`, `html_type`, `dict_type`, `sort`, `create_by`, `create_time`, `update_by`, `update_time`) VALUES (603, 44, 'project_area_id', '地区id', 'bigint', 'Long', 'projectAreaId', '0', '0', NULL, '1', '1', '1', '1', 'EQ', 'input', '', 10, '1', '2025-03-30 18:05:17', '', '2025-04-02 16:49:09');
INSERT INTO `gen_table_column` (`column_id`, `table_id`, `column_name`, `column_comment`, `column_type`, `java_type`, `java_field`, `is_pk`, `is_increment`, `is_required`, `is_insert`, `is_edit`, `is_list`, `is_query`, `query_type`, `html_type`, `dict_type`, `sort`, `create_by`, `create_time`, `update_by`, `update_time`) VALUES (604, 44, 'project_area_name', '项目地区', 'varchar(255)', 'String', 'projectAreaName', '0', '0', NULL, '1', '1', '1', '1', 'LIKE', 'input', '', 11, '1', '2025-03-30 18:05:17', '', '2025-04-02 16:49:09');
INSERT INTO `gen_table_column` (`column_id`, `table_id`, `column_name`, `column_comment`, `column_type`, `java_type`, `java_field`, `is_pk`, `is_increment`, `is_required`, `is_insert`, `is_edit`, `is_list`, `is_query`, `query_type`, `html_type`, `dict_type`, `sort`, `create_by`, `create_time`, `update_by`, `update_time`) VALUES (605, 44, 'plat_name', '平台名', 'varchar(255)', 'String', 'platName', '0', '0', NULL, '1', '1', '1', '1', 'LIKE', 'input', '', 12, '1', '2025-03-30 18:05:17', '', '2025-04-02 16:49:10');
INSERT INTO `gen_table_column` (`column_id`, `table_id`, `column_name`, `column_comment`, `column_type`, `java_type`, `java_field`, `is_pk`, `is_increment`, `is_required`, `is_insert`, `is_edit`, `is_list`, `is_query`, `query_type`, `html_type`, `dict_type`, `sort`, `create_by`, `create_time`, `update_by`, `update_time`) VALUES (606, 44, 'channel_code', '渠道号', 'varchar(255)', 'String', 'channelCode', '0', '0', '1', '1', '1', '1', '1', 'EQ', 'input', '', 13, '1', '2025-03-30 18:05:17', '', '2025-04-02 16:49:10');
INSERT INTO `gen_table_column` (`column_id`, `table_id`, `column_name`, `column_comment`, `column_type`, `java_type`, `java_field`, `is_pk`, `is_increment`, `is_required`, `is_insert`, `is_edit`, `is_list`, `is_query`, `query_type`, `html_type`, `dict_type`, `sort`, `create_by`, `create_time`, `update_by`, `update_time`) VALUES (607, 44, 'plat_code', '平台code', 'varchar(255)', 'String', 'platCode', '0', '0', NULL, '1', '1', '1', '1', 'EQ', 'input', '', 14, '1', '2025-03-30 18:05:17', '', '2025-04-02 16:49:10');
INSERT INTO `gen_table_column` (`column_id`, `table_id`, `column_name`, `column_comment`, `column_type`, `java_type`, `java_field`, `is_pk`, `is_increment`, `is_required`, `is_insert`, `is_edit`, `is_list`, `is_query`, `query_type`, `html_type`, `dict_type`, `sort`, `create_by`, `create_time`, `update_by`, `update_time`) VALUES (608, 44, 'time_zone', '时区', 'varchar(255)', 'String', 'timeZone', '0', '0', NULL, '1', '1', '1', '1', 'EQ', 'input', '', 15, '1', '2025-03-30 18:05:17', '', '2025-04-02 16:49:10');
INSERT INTO `gen_table_column` (`column_id`, `table_id`, `column_name`, `column_comment`, `column_type`, `java_type`, `java_field`, `is_pk`, `is_increment`, `is_required`, `is_insert`, `is_edit`, `is_list`, `is_query`, `query_type`, `html_type`, `dict_type`, `sort`, `create_by`, `create_time`, `update_by`, `update_time`) VALUES (609, 44, 'agent', '代理', 'varchar(255)', 'String', 'agent', '0', '0', NULL, '1', '1', '1', '1', 'EQ', 'input', '', 16, '1', '2025-03-30 18:05:17', '', '2025-04-02 16:49:10');
INSERT INTO `gen_table_column` (`column_id`, `table_id`, `column_name`, `column_comment`, `column_type`, `java_type`, `java_field`, `is_pk`, `is_increment`, `is_required`, `is_insert`, `is_edit`, `is_list`, `is_query`, `query_type`, `html_type`, `dict_type`, `sort`, `create_by`, `create_time`, `update_by`, `update_time`) VALUES (610, 44, 'plat_act_id', '平台账户id', 'varchar(255)', 'String', 'platActId', '0', '0', NULL, '1', '1', '1', '1', 'EQ', 'input', '', 17, '1', '2025-03-30 18:05:17', '', '2025-04-02 16:49:10');
INSERT INTO `gen_table_column` (`column_id`, `table_id`, `column_name`, `column_comment`, `column_type`, `java_type`, `java_field`, `is_pk`, `is_increment`, `is_required`, `is_insert`, `is_edit`, `is_list`, `is_query`, `query_type`, `html_type`, `dict_type`, `sort`, `create_by`, `create_time`, `update_by`, `update_time`) VALUES (611, 44, 'plat_act_name', '平台账户名称', 'varchar(255)', 'String', 'platActName', '0', '0', NULL, '1', '1', '1', '1', 'LIKE', 'input', '', 18, '1', '2025-03-30 18:05:17', '', '2025-04-02 16:49:10');
INSERT INTO `gen_table_column` (`column_id`, `table_id`, `column_name`, `column_comment`, `column_type`, `java_type`, `java_field`, `is_pk`, `is_increment`, `is_required`, `is_insert`, `is_edit`, `is_list`, `is_query`, `query_type`, `html_type`, `dict_type`, `sort`, `create_by`, `create_time`, `update_by`, `update_time`) VALUES (612, 44, 'comsume_amt', '消耗', 'decimal(12,2)', 'BigDecimal', 'comsumeAmt', '0', '0', NULL, '1', '1', '1', '1', 'EQ', 'input', '', 19, '1', '2025-03-30 18:05:17', '', '2025-04-02 16:49:10');
INSERT INTO `gen_table_column` (`column_id`, `table_id`, `column_name`, `column_comment`, `column_type`, `java_type`, `java_field`, `is_pk`, `is_increment`, `is_required`, `is_insert`, `is_edit`, `is_list`, `is_query`, `query_type`, `html_type`, `dict_type`, `sort`, `create_by`, `create_time`, `update_by`, `update_time`) VALUES (613, 44, 'register_num', '注册', 'int', 'Long', 'registerNum', '0', '0', NULL, '1', '1', '1', '1', 'EQ', 'input', '', 20, '1', '2025-03-30 18:05:18', '', '2025-04-02 16:49:10');
INSERT INTO `gen_table_column` (`column_id`, `table_id`, `column_name`, `column_comment`, `column_type`, `java_type`, `java_field`, `is_pk`, `is_increment`, `is_required`, `is_insert`, `is_edit`, `is_list`, `is_query`, `query_type`, `html_type`, `dict_type`, `sort`, `create_by`, `create_time`, `update_by`, `update_time`) VALUES (614, 44, 'register_fee', '单次成效费用', 'decimal(10,2)', 'BigDecimal', 'registerFee', '0', '0', NULL, '1', '1', '1', '1', 'EQ', 'input', '', 21, '1', '2025-03-30 18:05:18', '', '2025-04-02 16:49:10');
INSERT INTO `gen_table_column` (`column_id`, `table_id`, `column_name`, `column_comment`, `column_type`, `java_type`, `java_field`, `is_pk`, `is_increment`, `is_required`, `is_insert`, `is_edit`, `is_list`, `is_query`, `query_type`, `html_type`, `dict_type`, `sort`, `create_by`, `create_time`, `update_by`, `update_time`) VALUES (615, 44, 'effective_num', '成效', 'int', 'Long', 'effectiveNum', '0', '0', NULL, '1', '1', '1', '1', 'EQ', 'input', '', 22, '1', '2025-03-30 18:05:18', '', '2025-04-02 16:49:10');
INSERT INTO `gen_table_column` (`column_id`, `table_id`, `column_name`, `column_comment`, `column_type`, `java_type`, `java_field`, `is_pk`, `is_increment`, `is_required`, `is_insert`, `is_edit`, `is_list`, `is_query`, `query_type`, `html_type`, `dict_type`, `sort`, `create_by`, `create_time`, `update_by`, `update_time`) VALUES (616, 44, 'effective_fee', '单次成效费用', 'decimal(10,2)', 'BigDecimal', 'effectiveFee', '0', '0', NULL, '1', '1', '1', '1', 'EQ', 'input', '', 23, '1', '2025-03-30 18:05:18', '', '2025-04-02 16:49:10');
INSERT INTO `gen_table_column` (`column_id`, `table_id`, `column_name`, `column_comment`, `column_type`, `java_type`, `java_field`, `is_pk`, `is_increment`, `is_required`, `is_insert`, `is_edit`, `is_list`, `is_query`, `query_type`, `html_type`, `dict_type`, `sort`, `create_by`, `create_time`, `update_by`, `update_time`) VALUES (617, 44, 'show_num', '展示', 'int', 'Long', 'showNum', '0', '0', NULL, '1', '1', '1', '1', 'EQ', 'input', '', 24, '1', '2025-03-30 18:05:18', '', '2025-04-02 16:49:10');
INSERT INTO `gen_table_column` (`column_id`, `table_id`, `column_name`, `column_comment`, `column_type`, `java_type`, `java_field`, `is_pk`, `is_increment`, `is_required`, `is_insert`, `is_edit`, `is_list`, `is_query`, `query_type`, `html_type`, `dict_type`, `sort`, `create_by`, `create_time`, `update_by`, `update_time`) VALUES (618, 44, 'cmp', '千次展示费用', 'decimal(10,2)', 'BigDecimal', 'cmp', '0', '0', NULL, '1', '1', '1', '1', 'EQ', 'input', '', 25, '1', '2025-03-30 18:05:18', '', '2025-04-02 16:49:10');
INSERT INTO `gen_table_column` (`column_id`, `table_id`, `column_name`, `column_comment`, `column_type`, `java_type`, `java_field`, `is_pk`, `is_increment`, `is_required`, `is_insert`, `is_edit`, `is_list`, `is_query`, `query_type`, `html_type`, `dict_type`, `sort`, `create_by`, `create_time`, `update_by`, `update_time`) VALUES (619, 44, 'click_num', '点击', 'int', 'Long', 'clickNum', '0', '0', NULL, '1', '1', '1', '1', 'EQ', 'input', '', 26, '1', '2025-03-30 18:05:18', '', '2025-04-02 16:49:11');
INSERT INTO `gen_table_column` (`column_id`, `table_id`, `column_name`, `column_comment`, `column_type`, `java_type`, `java_field`, `is_pk`, `is_increment`, `is_required`, `is_insert`, `is_edit`, `is_list`, `is_query`, `query_type`, `html_type`, `dict_type`, `sort`, `create_by`, `create_time`, `update_by`, `update_time`) VALUES (620, 44, 'click_fee', '单次链接点击费用', 'decimal(10,2)', 'BigDecimal', 'clickFee', '0', '0', NULL, '1', '1', '1', '1', 'EQ', 'input', '', 27, '1', '2025-03-30 18:05:18', '', '2025-04-02 16:49:11');
INSERT INTO `gen_table_column` (`column_id`, `table_id`, `column_name`, `column_comment`, `column_type`, `java_type`, `java_field`, `is_pk`, `is_increment`, `is_required`, `is_insert`, `is_edit`, `is_list`, `is_query`, `query_type`, `html_type`, `dict_type`, `sort`, `create_by`, `create_time`, `update_by`, `update_time`) VALUES (621, 44, 'launch_settle_num', '发起结账', 'int', 'Long', 'launchSettleNum', '0', '0', NULL, '1', '1', '1', '1', 'EQ', 'input', '', 28, '1', '2025-03-30 18:05:18', '', '2025-04-02 16:49:11');
INSERT INTO `gen_table_column` (`column_id`, `table_id`, `column_name`, `column_comment`, `column_type`, `java_type`, `java_field`, `is_pk`, `is_increment`, `is_required`, `is_insert`, `is_edit`, `is_list`, `is_query`, `query_type`, `html_type`, `dict_type`, `sort`, `create_by`, `create_time`, `update_by`, `update_time`) VALUES (622, 44, 'remark', '备注', 'varchar(255)', 'String', 'remark', '0', '0', NULL, '1', '1', '1', NULL, 'EQ', 'input', '', 29, '1', '2025-03-30 18:05:18', '', '2025-04-02 16:49:11');
INSERT INTO `gen_table_column` (`column_id`, `table_id`, `column_name`, `column_comment`, `column_type`, `java_type`, `java_field`, `is_pk`, `is_increment`, `is_required`, `is_insert`, `is_edit`, `is_list`, `is_query`, `query_type`, `html_type`, `dict_type`, `sort`, `create_by`, `create_time`, `update_by`, `update_time`) VALUES (623, 44, 'create_time', '创建时间', 'datetime', 'Date', 'createTime', '0', '0', NULL, '1', NULL, NULL, NULL, 'EQ', 'datetime', '', 33, '1', '2025-03-30 18:05:18', '', '2025-04-02 16:49:11');
INSERT INTO `gen_table_column` (`column_id`, `table_id`, `column_name`, `column_comment`, `column_type`, `java_type`, `java_field`, `is_pk`, `is_increment`, `is_required`, `is_insert`, `is_edit`, `is_list`, `is_query`, `query_type`, `html_type`, `dict_type`, `sort`, `create_by`, `create_time`, `update_by`, `update_time`) VALUES (625, 45, 'plat_account_id', '唯一id', 'varchar(30)', 'String', 'platAccountId', '1', '0', NULL, '1', NULL, NULL, NULL, 'EQ', 'input', '', 1, '1', '2025-03-30 18:05:18', '', '2025-04-02 16:49:07');
INSERT INTO `gen_table_column` (`column_id`, `table_id`, `column_name`, `column_comment`, `column_type`, `java_type`, `java_field`, `is_pk`, `is_increment`, `is_required`, `is_insert`, `is_edit`, `is_list`, `is_query`, `query_type`, `html_type`, `dict_type`, `sort`, `create_by`, `create_time`, `update_by`, `update_time`) VALUES (626, 45, 'plat_code', '平台code', 'varchar(255)', 'String', 'platCode', '0', '0', NULL, '1', '1', '1', '1', 'EQ', 'input', '', 2, '1', '2025-03-30 18:05:19', '', '2025-04-02 16:49:07');
INSERT INTO `gen_table_column` (`column_id`, `table_id`, `column_name`, `column_comment`, `column_type`, `java_type`, `java_field`, `is_pk`, `is_increment`, `is_required`, `is_insert`, `is_edit`, `is_list`, `is_query`, `query_type`, `html_type`, `dict_type`, `sort`, `create_by`, `create_time`, `update_by`, `update_time`) VALUES (627, 45, 'acc_name', '账户', 'varchar(255)', 'String', 'accName', '0', '0', NULL, '1', '1', '1', '1', 'LIKE', 'input', '', 3, '1', '2025-03-30 18:05:19', '', '2025-04-02 16:49:07');
INSERT INTO `gen_table_column` (`column_id`, `table_id`, `column_name`, `column_comment`, `column_type`, `java_type`, `java_field`, `is_pk`, `is_increment`, `is_required`, `is_insert`, `is_edit`, `is_list`, `is_query`, `query_type`, `html_type`, `dict_type`, `sort`, `create_by`, `create_time`, `update_by`, `update_time`) VALUES (628, 45, 'acc_pwd', '密码', 'varchar(255)', 'String', 'accPwd', '0', '0', NULL, '1', '1', '1', '1', 'EQ', 'input', '', 4, '1', '2025-03-30 18:05:19', '', '2025-04-02 16:49:07');
INSERT INTO `gen_table_column` (`column_id`, `table_id`, `column_name`, `column_comment`, `column_type`, `java_type`, `java_field`, `is_pk`, `is_increment`, `is_required`, `is_insert`, `is_edit`, `is_list`, `is_query`, `query_type`, `html_type`, `dict_type`, `sort`, `create_by`, `create_time`, `update_by`, `update_time`) VALUES (629, 45, 'acc_email', '邮箱', 'varchar(255)', 'String', 'accEmail', '0', '0', NULL, '1', '1', '1', '1', 'EQ', 'input', '', 5, '1', '2025-03-30 18:05:19', '', '2025-04-02 16:49:07');
INSERT INTO `gen_table_column` (`column_id`, `table_id`, `column_name`, `column_comment`, `column_type`, `java_type`, `java_field`, `is_pk`, `is_increment`, `is_required`, `is_insert`, `is_edit`, `is_list`, `is_query`, `query_type`, `html_type`, `dict_type`, `sort`, `create_by`, `create_time`, `update_by`, `update_time`) VALUES (630, 45, 'acc_email_pwd', '邮箱密码', 'varchar(255)', 'String', 'accEmailPwd', '0', '0', NULL, '1', '1', '1', '1', 'EQ', 'input', '', 6, '1', '2025-03-30 18:05:19', '', '2025-04-02 16:49:07');
INSERT INTO `gen_table_column` (`column_id`, `table_id`, `column_name`, `column_comment`, `column_type`, `java_type`, `java_field`, `is_pk`, `is_increment`, `is_required`, `is_insert`, `is_edit`, `is_list`, `is_query`, `query_type`, `html_type`, `dict_type`, `sort`, `create_by`, `create_time`, `update_by`, `update_time`) VALUES (631, 45, 'acc_aid_email', '辅助邮箱', 'varchar(255)', 'String', 'accAidEmail', '0', '0', NULL, '1', '1', '1', '1', 'EQ', 'input', '', 7, '1', '2025-03-30 18:05:19', '', '2025-04-02 16:49:07');
INSERT INTO `gen_table_column` (`column_id`, `table_id`, `column_name`, `column_comment`, `column_type`, `java_type`, `java_field`, `is_pk`, `is_increment`, `is_required`, `is_insert`, `is_edit`, `is_list`, `is_query`, `query_type`, `html_type`, `dict_type`, `sort`, `create_by`, `create_time`, `update_by`, `update_time`) VALUES (632, 45, 'acc_aid_email_pwd', '辅助邮箱密码', 'varchar(255)', 'String', 'accAidEmailPwd', '0', '0', NULL, '1', '1', '1', '1', 'EQ', 'input', '', 8, '1', '2025-03-30 18:05:19', '', '2025-04-02 16:49:08');
INSERT INTO `gen_table_column` (`column_id`, `table_id`, `column_name`, `column_comment`, `column_type`, `java_type`, `java_field`, `is_pk`, `is_increment`, `is_required`, `is_insert`, `is_edit`, `is_list`, `is_query`, `query_type`, `html_type`, `dict_type`, `sort`, `create_by`, `create_time`, `update_by`, `update_time`) VALUES (633, 45, 'acc_valid_key', '验证密钥', 'varchar(255)', 'String', 'accValidKey', '0', '0', NULL, '1', '1', '1', '1', 'EQ', 'input', '', 9, '1', '2025-03-30 18:05:19', '', '2025-04-02 16:49:08');
INSERT INTO `gen_table_column` (`column_id`, `table_id`, `column_name`, `column_comment`, `column_type`, `java_type`, `java_field`, `is_pk`, `is_increment`, `is_required`, `is_insert`, `is_edit`, `is_list`, `is_query`, `query_type`, `html_type`, `dict_type`, `sort`, `create_by`, `create_time`, `update_by`, `update_time`) VALUES (634, 45, 'acc_appeal_img', '申诉辅助图片', 'varchar(255)', 'String', 'accAppealImg', '0', '0', NULL, '1', '1', '1', '1', 'EQ', 'input', '', 10, '1', '2025-03-30 18:05:19', '', '2025-04-02 16:49:08');
INSERT INTO `gen_table_column` (`column_id`, `table_id`, `column_name`, `column_comment`, `column_type`, `java_type`, `java_field`, `is_pk`, `is_increment`, `is_required`, `is_insert`, `is_edit`, `is_list`, `is_query`, `query_type`, `html_type`, `dict_type`, `sort`, `create_by`, `create_time`, `update_by`, `update_time`) VALUES (635, 45, 'state', '账号状态 ', 'varchar(255)', 'String', 'state', '0', '0', NULL, '1', '1', '1', '1', 'EQ', 'input', '', 11, '1', '2025-03-30 18:05:19', '', '2025-04-02 16:49:08');
INSERT INTO `gen_table_column` (`column_id`, `table_id`, `column_name`, `column_comment`, `column_type`, `java_type`, `java_field`, `is_pk`, `is_increment`, `is_required`, `is_insert`, `is_edit`, `is_list`, `is_query`, `query_type`, `html_type`, `dict_type`, `sort`, `create_by`, `create_time`, `update_by`, `update_time`) VALUES (636, 45, 'remark', '备注', 'varchar(255)', 'String', 'remark', '0', '0', NULL, '1', '1', '1', NULL, 'EQ', 'input', '', 12, '1', '2025-03-30 18:05:19', '', '2025-04-02 16:49:08');
INSERT INTO `gen_table_column` (`column_id`, `table_id`, `column_name`, `column_comment`, `column_type`, `java_type`, `java_field`, `is_pk`, `is_increment`, `is_required`, `is_insert`, `is_edit`, `is_list`, `is_query`, `query_type`, `html_type`, `dict_type`, `sort`, `create_by`, `create_time`, `update_by`, `update_time`) VALUES (637, 45, 'acc_create_uid', '下户人id', 'bigint', 'Long', 'accCreateUid', '0', '0', '1', '1', '1', '1', '1', 'EQ', 'input', '', 13, '1', '2025-03-30 18:05:19', '', '2025-04-02 16:49:08');
INSERT INTO `gen_table_column` (`column_id`, `table_id`, `column_name`, `column_comment`, `column_type`, `java_type`, `java_field`, `is_pk`, `is_increment`, `is_required`, `is_insert`, `is_edit`, `is_list`, `is_query`, `query_type`, `html_type`, `dict_type`, `sort`, `create_by`, `create_time`, `update_by`, `update_time`) VALUES (638, 45, 'optimizer_uid', '优化师id', 'bigint', 'Long', 'optimizerUid', '0', '0', '1', '1', '1', '1', '1', 'EQ', 'input', '', 14, '1', '2025-03-30 18:05:19', '', '2025-04-02 16:49:08');
INSERT INTO `gen_table_column` (`column_id`, `table_id`, `column_name`, `column_comment`, `column_type`, `java_type`, `java_field`, `is_pk`, `is_increment`, `is_required`, `is_insert`, `is_edit`, `is_list`, `is_query`, `query_type`, `html_type`, `dict_type`, `sort`, `create_by`, `create_time`, `update_by`, `update_time`) VALUES (639, 45, 'create_time', '创建时间', 'datetime', 'Date', 'createTime', '0', '0', NULL, '1', NULL, NULL, NULL, 'EQ', 'datetime', '', 18, '1', '2025-03-30 18:05:19', '', '2025-04-02 16:49:08');
INSERT INTO `gen_table_column` (`column_id`, `table_id`, `column_name`, `column_comment`, `column_type`, `java_type`, `java_field`, `is_pk`, `is_increment`, `is_required`, `is_insert`, `is_edit`, `is_list`, `is_query`, `query_type`, `html_type`, `dict_type`, `sort`, `create_by`, `create_time`, `update_by`, `update_time`) VALUES (641, 46, 'plat_id', '平台id', 'bigint', 'Long', 'platId', '1', '0', NULL, '1', NULL, NULL, NULL, 'EQ', 'input', '', 1, '1', '2025-03-30 18:05:20', '', '2025-04-02 16:49:05');
INSERT INTO `gen_table_column` (`column_id`, `table_id`, `column_name`, `column_comment`, `column_type`, `java_type`, `java_field`, `is_pk`, `is_increment`, `is_required`, `is_insert`, `is_edit`, `is_list`, `is_query`, `query_type`, `html_type`, `dict_type`, `sort`, `create_by`, `create_time`, `update_by`, `update_time`) VALUES (642, 46, 'plat_name', '平台名', 'varchar(255)', 'String', 'platName', '0', '0', NULL, '1', '1', '1', '1', 'LIKE', 'input', '', 2, '1', '2025-03-30 18:05:20', '', '2025-04-02 16:49:05');
INSERT INTO `gen_table_column` (`column_id`, `table_id`, `column_name`, `column_comment`, `column_type`, `java_type`, `java_field`, `is_pk`, `is_increment`, `is_required`, `is_insert`, `is_edit`, `is_list`, `is_query`, `query_type`, `html_type`, `dict_type`, `sort`, `create_by`, `create_time`, `update_by`, `update_time`) VALUES (643, 46, 'plat_code', '平台code', 'varchar(255)', 'String', 'platCode', '0', '0', NULL, '1', '1', '1', '1', 'EQ', 'input', '', 3, '1', '2025-03-30 18:05:20', '', '2025-04-02 16:49:05');
INSERT INTO `gen_table_column` (`column_id`, `table_id`, `column_name`, `column_comment`, `column_type`, `java_type`, `java_field`, `is_pk`, `is_increment`, `is_required`, `is_insert`, `is_edit`, `is_list`, `is_query`, `query_type`, `html_type`, `dict_type`, `sort`, `create_by`, `create_time`, `update_by`, `update_time`) VALUES (644, 46, 'remark', '备注', 'varchar(255)', 'String', 'remark', '0', '0', NULL, '1', '1', '1', NULL, 'EQ', 'input', '', 4, '1', '2025-03-30 18:05:20', '', '2025-04-02 16:49:05');
INSERT INTO `gen_table_column` (`column_id`, `table_id`, `column_name`, `column_comment`, `column_type`, `java_type`, `java_field`, `is_pk`, `is_increment`, `is_required`, `is_insert`, `is_edit`, `is_list`, `is_query`, `query_type`, `html_type`, `dict_type`, `sort`, `create_by`, `create_time`, `update_by`, `update_time`) VALUES (645, 46, 'create_time', '创建时间', 'datetime', 'Date', 'createTime', '0', '0', NULL, '1', NULL, NULL, NULL, 'EQ', 'datetime', '', 8, '1', '2025-03-30 18:05:20', '', '2025-04-02 16:49:06');
INSERT INTO `gen_table_column` (`column_id`, `table_id`, `column_name`, `column_comment`, `column_type`, `java_type`, `java_field`, `is_pk`, `is_increment`, `is_required`, `is_insert`, `is_edit`, `is_list`, `is_query`, `query_type`, `html_type`, `dict_type`, `sort`, `create_by`, `create_time`, `update_by`, `update_time`) VALUES (647, 47, 'project_id', '项目id', 'bigint', 'Long', 'projectId', '1', '0', NULL, '1', NULL, NULL, NULL, 'EQ', 'input', '', 1, '1', '2025-03-30 18:05:20', '', '2025-04-02 16:49:02');
INSERT INTO `gen_table_column` (`column_id`, `table_id`, `column_name`, `column_comment`, `column_type`, `java_type`, `java_field`, `is_pk`, `is_increment`, `is_required`, `is_insert`, `is_edit`, `is_list`, `is_query`, `query_type`, `html_type`, `dict_type`, `sort`, `create_by`, `create_time`, `update_by`, `update_time`) VALUES (648, 47, 'project_name', '项目名', 'varchar(255)', 'String', 'projectName', '0', '0', NULL, '1', '1', '1', '1', 'LIKE', 'input', '', 2, '1', '2025-03-30 18:05:20', '', '2025-04-02 16:49:02');
INSERT INTO `gen_table_column` (`column_id`, `table_id`, `column_name`, `column_comment`, `column_type`, `java_type`, `java_field`, `is_pk`, `is_increment`, `is_required`, `is_insert`, `is_edit`, `is_list`, `is_query`, `query_type`, `html_type`, `dict_type`, `sort`, `create_by`, `create_time`, `update_by`, `update_time`) VALUES (649, 47, 'project_code', '项目code', 'varchar(255)', 'String', 'projectCode', '0', '0', NULL, '1', '1', '1', '1', 'EQ', 'input', '', 3, '1', '2025-03-30 18:05:20', '', '2025-04-02 16:49:02');
INSERT INTO `gen_table_column` (`column_id`, `table_id`, `column_name`, `column_comment`, `column_type`, `java_type`, `java_field`, `is_pk`, `is_increment`, `is_required`, `is_insert`, `is_edit`, `is_list`, `is_query`, `query_type`, `html_type`, `dict_type`, `sort`, `create_by`, `create_time`, `update_by`, `update_time`) VALUES (650, 47, 'plat_code', '广告平台', 'varchar(255)', 'String', 'platCode', '0', '0', NULL, '1', '1', '1', '1', 'EQ', 'input', '', 4, '1', '2025-03-30 18:05:20', '', '2025-04-02 16:49:02');
INSERT INTO `gen_table_column` (`column_id`, `table_id`, `column_name`, `column_comment`, `column_type`, `java_type`, `java_field`, `is_pk`, `is_increment`, `is_required`, `is_insert`, `is_edit`, `is_list`, `is_query`, `query_type`, `html_type`, `dict_type`, `sort`, `create_by`, `create_time`, `update_by`, `update_time`) VALUES (651, 47, 'business_uid', '商务id', 'bigint', 'Long', 'businessUid', '0', '0', '1', '1', '1', '1', '1', 'EQ', 'input', '', 5, '1', '2025-03-30 18:05:21', '', '2025-04-02 16:49:02');
INSERT INTO `gen_table_column` (`column_id`, `table_id`, `column_name`, `column_comment`, `column_type`, `java_type`, `java_field`, `is_pk`, `is_increment`, `is_required`, `is_insert`, `is_edit`, `is_list`, `is_query`, `query_type`, `html_type`, `dict_type`, `sort`, `create_by`, `create_time`, `update_by`, `update_time`) VALUES (652, 47, 'start_date', '项目开始日期', 'date', 'Date', 'startDate', '0', '0', NULL, '1', '1', '1', '1', 'EQ', 'datetime', '', 6, '1', '2025-03-30 18:05:21', '', '2025-04-02 16:49:03');
INSERT INTO `gen_table_column` (`column_id`, `table_id`, `column_name`, `column_comment`, `column_type`, `java_type`, `java_field`, `is_pk`, `is_increment`, `is_required`, `is_insert`, `is_edit`, `is_list`, `is_query`, `query_type`, `html_type`, `dict_type`, `sort`, `create_by`, `create_time`, `update_by`, `update_time`) VALUES (653, 47, 'end_date', '项目结束日期', 'date', 'Date', 'endDate', '0', '0', NULL, '1', '1', '1', '1', 'EQ', 'datetime', '', 7, '1', '2025-03-30 18:05:21', '', '2025-04-02 16:49:03');
INSERT INTO `gen_table_column` (`column_id`, `table_id`, `column_name`, `column_comment`, `column_type`, `java_type`, `java_field`, `is_pk`, `is_increment`, `is_required`, `is_insert`, `is_edit`, `is_list`, `is_query`, `query_type`, `html_type`, `dict_type`, `sort`, `create_by`, `create_time`, `update_by`, `update_time`) VALUES (654, 47, 'area_id', '地区id', 'bigint', 'Long', 'areaId', '0', '0', '1', '1', '1', '1', '1', 'EQ', 'input', '', 8, '1', '2025-03-30 18:05:21', '', '2025-04-02 16:49:03');
INSERT INTO `gen_table_column` (`column_id`, `table_id`, `column_name`, `column_comment`, `column_type`, `java_type`, `java_field`, `is_pk`, `is_increment`, `is_required`, `is_insert`, `is_edit`, `is_list`, `is_query`, `query_type`, `html_type`, `dict_type`, `sort`, `create_by`, `create_time`, `update_by`, `update_time`) VALUES (655, 47, 'remark', '备注', 'varchar(255)', 'String', 'remark', '0', '0', NULL, '1', '1', '1', NULL, 'EQ', 'input', '', 9, '1', '2025-03-30 18:05:21', '', '2025-04-02 16:49:03');
INSERT INTO `gen_table_column` (`column_id`, `table_id`, `column_name`, `column_comment`, `column_type`, `java_type`, `java_field`, `is_pk`, `is_increment`, `is_required`, `is_insert`, `is_edit`, `is_list`, `is_query`, `query_type`, `html_type`, `dict_type`, `sort`, `create_by`, `create_time`, `update_by`, `update_time`) VALUES (656, 47, 'create_time', '创建时间', 'datetime', 'Date', 'createTime', '0', '0', NULL, '1', NULL, NULL, NULL, 'EQ', 'datetime', '', 13, '1', '2025-03-30 18:05:21', '', '2025-04-02 16:49:03');
INSERT INTO `gen_table_column` (`column_id`, `table_id`, `column_name`, `column_comment`, `column_type`, `java_type`, `java_field`, `is_pk`, `is_increment`, `is_required`, `is_insert`, `is_edit`, `is_list`, `is_query`, `query_type`, `html_type`, `dict_type`, `sort`, `create_by`, `create_time`, `update_by`, `update_time`) VALUES (686, 47, 'del_flag', '删除标志（0代表存在 1代表删除）', 'char(1)', 'String', 'delFlag', '0', '0', NULL, '1', NULL, NULL, NULL, 'EQ', 'input', '', 10, '', '2025-04-02 16:42:54', '', '2025-04-02 16:49:03');
INSERT INTO `gen_table_column` (`column_id`, `table_id`, `column_name`, `column_comment`, `column_type`, `java_type`, `java_field`, `is_pk`, `is_increment`, `is_required`, `is_insert`, `is_edit`, `is_list`, `is_query`, `query_type`, `html_type`, `dict_type`, `sort`, `create_by`, `create_time`, `update_by`, `update_time`) VALUES (687, 47, 'create_by', '创建者', 'varchar(64)', 'String', 'createBy', '0', '0', NULL, '1', NULL, NULL, NULL, 'EQ', 'input', '', 11, '', '2025-04-02 16:42:54', '', '2025-04-02 16:49:03');
INSERT INTO `gen_table_column` (`column_id`, `table_id`, `column_name`, `column_comment`, `column_type`, `java_type`, `java_field`, `is_pk`, `is_increment`, `is_required`, `is_insert`, `is_edit`, `is_list`, `is_query`, `query_type`, `html_type`, `dict_type`, `sort`, `create_by`, `create_time`, `update_by`, `update_time`) VALUES (688, 47, 'update_time', '更新时间', 'datetime', 'Date', 'updateTime', '0', '0', NULL, '1', '1', NULL, NULL, 'EQ', 'datetime', '', 12, '', '2025-04-02 16:42:54', '', '2025-04-02 16:49:03');
INSERT INTO `gen_table_column` (`column_id`, `table_id`, `column_name`, `column_comment`, `column_type`, `java_type`, `java_field`, `is_pk`, `is_increment`, `is_required`, `is_insert`, `is_edit`, `is_list`, `is_query`, `query_type`, `html_type`, `dict_type`, `sort`, `create_by`, `create_time`, `update_by`, `update_time`) VALUES (689, 47, 'update_by', '更新者', 'varchar(64)', 'String', 'updateBy', '0', '0', NULL, '1', '1', NULL, NULL, 'EQ', 'input', '', 14, '', '2025-04-02 16:42:54', '', '2025-04-02 16:49:03');
INSERT INTO `gen_table_column` (`column_id`, `table_id`, `column_name`, `column_comment`, `column_type`, `java_type`, `java_field`, `is_pk`, `is_increment`, `is_required`, `is_insert`, `is_edit`, `is_list`, `is_query`, `query_type`, `html_type`, `dict_type`, `sort`, `create_by`, `create_time`, `update_by`, `update_time`) VALUES (690, 46, 'del_flag', '删除标志（0代表存在 1代表删除）', 'char(1)', 'String', 'delFlag', '0', '0', NULL, '1', NULL, NULL, NULL, 'EQ', 'input', '', 5, '', '2025-04-02 16:49:05', '', NULL);
INSERT INTO `gen_table_column` (`column_id`, `table_id`, `column_name`, `column_comment`, `column_type`, `java_type`, `java_field`, `is_pk`, `is_increment`, `is_required`, `is_insert`, `is_edit`, `is_list`, `is_query`, `query_type`, `html_type`, `dict_type`, `sort`, `create_by`, `create_time`, `update_by`, `update_time`) VALUES (691, 46, 'create_by', '创建者', 'varchar(64)', 'String', 'createBy', '0', '0', NULL, '1', NULL, NULL, NULL, 'EQ', 'input', '', 6, '', '2025-04-02 16:49:05', '', NULL);
INSERT INTO `gen_table_column` (`column_id`, `table_id`, `column_name`, `column_comment`, `column_type`, `java_type`, `java_field`, `is_pk`, `is_increment`, `is_required`, `is_insert`, `is_edit`, `is_list`, `is_query`, `query_type`, `html_type`, `dict_type`, `sort`, `create_by`, `create_time`, `update_by`, `update_time`) VALUES (692, 46, 'update_time', '更新时间', 'datetime', 'Date', 'updateTime', '0', '0', NULL, '1', '1', NULL, NULL, 'EQ', 'datetime', '', 7, '', '2025-04-02 16:49:05', '', NULL);
INSERT INTO `gen_table_column` (`column_id`, `table_id`, `column_name`, `column_comment`, `column_type`, `java_type`, `java_field`, `is_pk`, `is_increment`, `is_required`, `is_insert`, `is_edit`, `is_list`, `is_query`, `query_type`, `html_type`, `dict_type`, `sort`, `create_by`, `create_time`, `update_by`, `update_time`) VALUES (693, 46, 'update_by', '更新者', 'varchar(64)', 'String', 'updateBy', '0', '0', NULL, '1', '1', NULL, NULL, 'EQ', 'input', '', 9, '', '2025-04-02 16:49:06', '', NULL);
INSERT INTO `gen_table_column` (`column_id`, `table_id`, `column_name`, `column_comment`, `column_type`, `java_type`, `java_field`, `is_pk`, `is_increment`, `is_required`, `is_insert`, `is_edit`, `is_list`, `is_query`, `query_type`, `html_type`, `dict_type`, `sort`, `create_by`, `create_time`, `update_by`, `update_time`) VALUES (694, 45, 'del_flag', '删除标志（0代表存在 1代表删除）', 'char(1)', 'String', 'delFlag', '0', '0', NULL, '1', NULL, NULL, NULL, 'EQ', 'input', '', 15, '', '2025-04-02 16:49:08', '', NULL);
INSERT INTO `gen_table_column` (`column_id`, `table_id`, `column_name`, `column_comment`, `column_type`, `java_type`, `java_field`, `is_pk`, `is_increment`, `is_required`, `is_insert`, `is_edit`, `is_list`, `is_query`, `query_type`, `html_type`, `dict_type`, `sort`, `create_by`, `create_time`, `update_by`, `update_time`) VALUES (695, 45, 'create_by', '创建者', 'varchar(64)', 'String', 'createBy', '0', '0', NULL, '1', NULL, NULL, NULL, 'EQ', 'input', '', 16, '', '2025-04-02 16:49:08', '', NULL);
INSERT INTO `gen_table_column` (`column_id`, `table_id`, `column_name`, `column_comment`, `column_type`, `java_type`, `java_field`, `is_pk`, `is_increment`, `is_required`, `is_insert`, `is_edit`, `is_list`, `is_query`, `query_type`, `html_type`, `dict_type`, `sort`, `create_by`, `create_time`, `update_by`, `update_time`) VALUES (696, 45, 'update_time', '更新时间', 'datetime', 'Date', 'updateTime', '0', '0', NULL, '1', '1', NULL, NULL, 'EQ', 'datetime', '', 17, '', '2025-04-02 16:49:08', '', NULL);
INSERT INTO `gen_table_column` (`column_id`, `table_id`, `column_name`, `column_comment`, `column_type`, `java_type`, `java_field`, `is_pk`, `is_increment`, `is_required`, `is_insert`, `is_edit`, `is_list`, `is_query`, `query_type`, `html_type`, `dict_type`, `sort`, `create_by`, `create_time`, `update_by`, `update_time`) VALUES (697, 45, 'update_by', '更新者', 'varchar(64)', 'String', 'updateBy', '0', '0', NULL, '1', '1', NULL, NULL, 'EQ', 'input', '', 19, '', '2025-04-02 16:49:08', '', NULL);
INSERT INTO `gen_table_column` (`column_id`, `table_id`, `column_name`, `column_comment`, `column_type`, `java_type`, `java_field`, `is_pk`, `is_increment`, `is_required`, `is_insert`, `is_edit`, `is_list`, `is_query`, `query_type`, `html_type`, `dict_type`, `sort`, `create_by`, `create_time`, `update_by`, `update_time`) VALUES (698, 44, 'del_flag', '删除标志（0代表存在 1代表删除）', 'char(1)', 'String', 'delFlag', '0', '0', NULL, '1', NULL, NULL, NULL, 'EQ', 'input', '', 30, '', '2025-04-02 16:49:11', '', NULL);
INSERT INTO `gen_table_column` (`column_id`, `table_id`, `column_name`, `column_comment`, `column_type`, `java_type`, `java_field`, `is_pk`, `is_increment`, `is_required`, `is_insert`, `is_edit`, `is_list`, `is_query`, `query_type`, `html_type`, `dict_type`, `sort`, `create_by`, `create_time`, `update_by`, `update_time`) VALUES (699, 44, 'create_by', '创建者', 'varchar(64)', 'String', 'createBy', '0', '0', NULL, '1', NULL, NULL, NULL, 'EQ', 'input', '', 31, '', '2025-04-02 16:49:11', '', NULL);
INSERT INTO `gen_table_column` (`column_id`, `table_id`, `column_name`, `column_comment`, `column_type`, `java_type`, `java_field`, `is_pk`, `is_increment`, `is_required`, `is_insert`, `is_edit`, `is_list`, `is_query`, `query_type`, `html_type`, `dict_type`, `sort`, `create_by`, `create_time`, `update_by`, `update_time`) VALUES (700, 44, 'update_time', '更新时间', 'datetime', 'Date', 'updateTime', '0', '0', NULL, '1', '1', NULL, NULL, 'EQ', 'datetime', '', 32, '', '2025-04-02 16:49:11', '', NULL);
INSERT INTO `gen_table_column` (`column_id`, `table_id`, `column_name`, `column_comment`, `column_type`, `java_type`, `java_field`, `is_pk`, `is_increment`, `is_required`, `is_insert`, `is_edit`, `is_list`, `is_query`, `query_type`, `html_type`, `dict_type`, `sort`, `create_by`, `create_time`, `update_by`, `update_time`) VALUES (701, 44, 'update_by', '更新者', 'varchar(64)', 'String', 'updateBy', '0', '0', NULL, '1', '1', NULL, NULL, 'EQ', 'input', '', 34, '', '2025-04-02 16:49:11', '', NULL);
INSERT INTO `gen_table_column` (`column_id`, `table_id`, `column_name`, `column_comment`, `column_type`, `java_type`, `java_field`, `is_pk`, `is_increment`, `is_required`, `is_insert`, `is_edit`, `is_list`, `is_query`, `query_type`, `html_type`, `dict_type`, `sort`, `create_by`, `create_time`, `update_by`, `update_time`) VALUES (702, 43, 'del_flag', '删除标志（0代表存在 1代表删除）', 'char(1)', 'String', 'delFlag', '0', '0', NULL, '1', NULL, NULL, NULL, 'EQ', 'input', '', 5, '', '2025-04-02 16:49:11', '', '2025-04-02 16:53:51');
INSERT INTO `gen_table_column` (`column_id`, `table_id`, `column_name`, `column_comment`, `column_type`, `java_type`, `java_field`, `is_pk`, `is_increment`, `is_required`, `is_insert`, `is_edit`, `is_list`, `is_query`, `query_type`, `html_type`, `dict_type`, `sort`, `create_by`, `create_time`, `update_by`, `update_time`) VALUES (703, 43, 'create_by', '创建者', 'varchar(64)', 'String', 'createBy', '0', '0', NULL, '1', NULL, NULL, NULL, 'EQ', 'input', '', 6, '', '2025-04-02 16:49:11', '', '2025-04-02 16:53:51');
INSERT INTO `gen_table_column` (`column_id`, `table_id`, `column_name`, `column_comment`, `column_type`, `java_type`, `java_field`, `is_pk`, `is_increment`, `is_required`, `is_insert`, `is_edit`, `is_list`, `is_query`, `query_type`, `html_type`, `dict_type`, `sort`, `create_by`, `create_time`, `update_by`, `update_time`) VALUES (704, 43, 'update_time', '更新时间', 'datetime', 'Date', 'updateTime', '0', '0', NULL, '1', '1', NULL, NULL, 'EQ', 'datetime', '', 7, '', '2025-04-02 16:49:11', '', '2025-04-02 16:53:51');
INSERT INTO `gen_table_column` (`column_id`, `table_id`, `column_name`, `column_comment`, `column_type`, `java_type`, `java_field`, `is_pk`, `is_increment`, `is_required`, `is_insert`, `is_edit`, `is_list`, `is_query`, `query_type`, `html_type`, `dict_type`, `sort`, `create_by`, `create_time`, `update_by`, `update_time`) VALUES (705, 43, 'update_by', '更新者', 'varchar(64)', 'String', 'updateBy', '0', '0', NULL, '1', '1', NULL, NULL, 'EQ', 'input', '', 9, '', '2025-04-02 16:49:12', '', '2025-04-02 16:53:52');
INSERT INTO `gen_table_column` (`column_id`, `table_id`, `column_name`, `column_comment`, `column_type`, `java_type`, `java_field`, `is_pk`, `is_increment`, `is_required`, `is_insert`, `is_edit`, `is_list`, `is_query`, `query_type`, `html_type`, `dict_type`, `sort`, `create_by`, `create_time`, `update_by`, `update_time`) VALUES (706, 42, 'del_flag', '删除标志（0代表存在 1代表删除）', 'char(1)', 'String', 'delFlag', '0', '0', NULL, '1', NULL, NULL, NULL, 'EQ', 'input', '', 6, '', '2025-04-02 16:49:13', '', '2025-04-02 16:53:53');
INSERT INTO `gen_table_column` (`column_id`, `table_id`, `column_name`, `column_comment`, `column_type`, `java_type`, `java_field`, `is_pk`, `is_increment`, `is_required`, `is_insert`, `is_edit`, `is_list`, `is_query`, `query_type`, `html_type`, `dict_type`, `sort`, `create_by`, `create_time`, `update_by`, `update_time`) VALUES (707, 42, 'create_by', '创建者', 'varchar(64)', 'String', 'createBy', '0', '0', NULL, '1', NULL, NULL, NULL, 'EQ', 'input', '', 7, '', '2025-04-02 16:49:13', '', '2025-04-02 16:53:53');
INSERT INTO `gen_table_column` (`column_id`, `table_id`, `column_name`, `column_comment`, `column_type`, `java_type`, `java_field`, `is_pk`, `is_increment`, `is_required`, `is_insert`, `is_edit`, `is_list`, `is_query`, `query_type`, `html_type`, `dict_type`, `sort`, `create_by`, `create_time`, `update_by`, `update_time`) VALUES (708, 42, 'update_time', '更新时间', 'datetime', 'Date', 'updateTime', '0', '0', NULL, '1', '1', NULL, NULL, 'EQ', 'datetime', '', 8, '', '2025-04-02 16:49:13', '', '2025-04-02 16:53:53');
INSERT INTO `gen_table_column` (`column_id`, `table_id`, `column_name`, `column_comment`, `column_type`, `java_type`, `java_field`, `is_pk`, `is_increment`, `is_required`, `is_insert`, `is_edit`, `is_list`, `is_query`, `query_type`, `html_type`, `dict_type`, `sort`, `create_by`, `create_time`, `update_by`, `update_time`) VALUES (709, 42, 'update_by', '更新者', 'varchar(64)', 'String', 'updateBy', '0', '0', NULL, '1', '1', NULL, NULL, 'EQ', 'input', '', 10, '', '2025-04-02 16:49:13', '', '2025-04-02 16:53:54');
INSERT INTO `gen_table_column` (`column_id`, `table_id`, `column_name`, `column_comment`, `column_type`, `java_type`, `java_field`, `is_pk`, `is_increment`, `is_required`, `is_insert`, `is_edit`, `is_list`, `is_query`, `query_type`, `html_type`, `dict_type`, `sort`, `create_by`, `create_time`, `update_by`, `update_time`) VALUES (710, 40, 'del_flag', '删除标志（0代表存在 1代表删除）', 'char(1)', 'String', 'delFlag', '0', '0', NULL, '1', NULL, NULL, NULL, 'EQ', 'input', '', 6, '', '2025-04-02 16:49:22', '', '2025-04-02 16:53:46');
INSERT INTO `gen_table_column` (`column_id`, `table_id`, `column_name`, `column_comment`, `column_type`, `java_type`, `java_field`, `is_pk`, `is_increment`, `is_required`, `is_insert`, `is_edit`, `is_list`, `is_query`, `query_type`, `html_type`, `dict_type`, `sort`, `create_by`, `create_time`, `update_by`, `update_time`) VALUES (711, 40, 'create_by', '创建者', 'varchar(64)', 'String', 'createBy', '0', '0', NULL, '1', NULL, NULL, NULL, 'EQ', 'input', '', 7, '', '2025-04-02 16:49:22', '', '2025-04-02 16:53:46');
INSERT INTO `gen_table_column` (`column_id`, `table_id`, `column_name`, `column_comment`, `column_type`, `java_type`, `java_field`, `is_pk`, `is_increment`, `is_required`, `is_insert`, `is_edit`, `is_list`, `is_query`, `query_type`, `html_type`, `dict_type`, `sort`, `create_by`, `create_time`, `update_by`, `update_time`) VALUES (712, 40, 'update_time', '更新时间', 'datetime', 'Date', 'updateTime', '0', '0', NULL, '1', '1', NULL, NULL, 'EQ', 'datetime', '', 8, '', '2025-04-02 16:49:22', '', '2025-04-02 16:53:46');
INSERT INTO `gen_table_column` (`column_id`, `table_id`, `column_name`, `column_comment`, `column_type`, `java_type`, `java_field`, `is_pk`, `is_increment`, `is_required`, `is_insert`, `is_edit`, `is_list`, `is_query`, `query_type`, `html_type`, `dict_type`, `sort`, `create_by`, `create_time`, `update_by`, `update_time`) VALUES (713, 40, 'update_by', '更新者', 'varchar(64)', 'String', 'updateBy', '0', '0', NULL, '1', '1', NULL, NULL, 'EQ', 'input', '', 10, '', '2025-04-02 16:49:22', '', '2025-04-02 16:53:47');
INSERT INTO `gen_table_column` (`column_id`, `table_id`, `column_name`, `column_comment`, `column_type`, `java_type`, `java_field`, `is_pk`, `is_increment`, `is_required`, `is_insert`, `is_edit`, `is_list`, `is_query`, `query_type`, `html_type`, `dict_type`, `sort`, `create_by`, `create_time`, `update_by`, `update_time`) VALUES (714, 41, 'del_flag', '删除标志（0代表存在 1代表删除）', 'char(1)', 'String', 'delFlag', '0', '0', NULL, '1', NULL, NULL, NULL, 'EQ', 'input', '', 11, '', '2025-04-02 16:49:24', '', '2025-04-02 16:53:48');
INSERT INTO `gen_table_column` (`column_id`, `table_id`, `column_name`, `column_comment`, `column_type`, `java_type`, `java_field`, `is_pk`, `is_increment`, `is_required`, `is_insert`, `is_edit`, `is_list`, `is_query`, `query_type`, `html_type`, `dict_type`, `sort`, `create_by`, `create_time`, `update_by`, `update_time`) VALUES (715, 41, 'create_by', '创建者', 'varchar(64)', 'String', 'createBy', '0', '0', NULL, '1', NULL, NULL, NULL, 'EQ', 'input', '', 12, '', '2025-04-02 16:49:25', '', '2025-04-02 16:53:48');
INSERT INTO `gen_table_column` (`column_id`, `table_id`, `column_name`, `column_comment`, `column_type`, `java_type`, `java_field`, `is_pk`, `is_increment`, `is_required`, `is_insert`, `is_edit`, `is_list`, `is_query`, `query_type`, `html_type`, `dict_type`, `sort`, `create_by`, `create_time`, `update_by`, `update_time`) VALUES (716, 41, 'update_time', '更新时间', 'datetime', 'Date', 'updateTime', '0', '0', NULL, '1', '1', NULL, NULL, 'EQ', 'datetime', '', 13, '', '2025-04-02 16:49:25', '', '2025-04-02 16:53:48');
INSERT INTO `gen_table_column` (`column_id`, `table_id`, `column_name`, `column_comment`, `column_type`, `java_type`, `java_field`, `is_pk`, `is_increment`, `is_required`, `is_insert`, `is_edit`, `is_list`, `is_query`, `query_type`, `html_type`, `dict_type`, `sort`, `create_by`, `create_time`, `update_by`, `update_time`) VALUES (717, 41, 'update_by', '更新者', 'varchar(64)', 'String', 'updateBy', '0', '0', NULL, '1', '1', NULL, NULL, 'EQ', 'input', '', 15, '', '2025-04-02 16:49:25', '', '2025-04-02 16:53:48');
INSERT INTO `gen_table_column` (`column_id`, `table_id`, `column_name`, `column_comment`, `column_type`, `java_type`, `java_field`, `is_pk`, `is_increment`, `is_required`, `is_insert`, `is_edit`, `is_list`, `is_query`, `query_type`, `html_type`, `dict_type`, `sort`, `create_by`, `create_time`, `update_by`, `update_time`) VALUES (718, 33, 'del_flag', '删除标志（0代表存在 1代表删除）', 'char(1)', 'String', 'delFlag', '0', '0', NULL, '1', NULL, NULL, NULL, 'EQ', 'input', '', 8, '', '2025-04-02 16:51:06', '', NULL);
INSERT INTO `gen_table_column` (`column_id`, `table_id`, `column_name`, `column_comment`, `column_type`, `java_type`, `java_field`, `is_pk`, `is_increment`, `is_required`, `is_insert`, `is_edit`, `is_list`, `is_query`, `query_type`, `html_type`, `dict_type`, `sort`, `create_by`, `create_time`, `update_by`, `update_time`) VALUES (719, 33, 'create_by', '创建者', 'varchar(64)', 'String', 'createBy', '0', '0', NULL, '1', NULL, NULL, NULL, 'EQ', 'input', '', 9, '', '2025-04-02 16:51:06', '', NULL);
INSERT INTO `gen_table_column` (`column_id`, `table_id`, `column_name`, `column_comment`, `column_type`, `java_type`, `java_field`, `is_pk`, `is_increment`, `is_required`, `is_insert`, `is_edit`, `is_list`, `is_query`, `query_type`, `html_type`, `dict_type`, `sort`, `create_by`, `create_time`, `update_by`, `update_time`) VALUES (720, 33, 'update_time', '更新时间', 'datetime', 'Date', 'updateTime', '0', '0', NULL, '1', '1', NULL, NULL, 'EQ', 'datetime', '', 10, '', '2025-04-02 16:51:06', '', NULL);
INSERT INTO `gen_table_column` (`column_id`, `table_id`, `column_name`, `column_comment`, `column_type`, `java_type`, `java_field`, `is_pk`, `is_increment`, `is_required`, `is_insert`, `is_edit`, `is_list`, `is_query`, `query_type`, `html_type`, `dict_type`, `sort`, `create_by`, `create_time`, `update_by`, `update_time`) VALUES (721, 33, 'update_by', '更新者', 'varchar(64)', 'String', 'updateBy', '0', '0', NULL, '1', '1', NULL, NULL, 'EQ', 'input', '', 12, '', '2025-04-02 16:51:06', '', NULL);
INSERT INTO `gen_table_column` (`column_id`, `table_id`, `column_name`, `column_comment`, `column_type`, `java_type`, `java_field`, `is_pk`, `is_increment`, `is_required`, `is_insert`, `is_edit`, `is_list`, `is_query`, `query_type`, `html_type`, `dict_type`, `sort`, `create_by`, `create_time`, `update_by`, `update_time`) VALUES (722, 34, 'del_flag', '删除标志（0代表存在 1代表删除）', 'char(1)', 'String', 'delFlag', '0', '0', NULL, '1', NULL, NULL, NULL, 'EQ', 'input', '', 13, '', '2025-04-02 16:51:20', '', NULL);
INSERT INTO `gen_table_column` (`column_id`, `table_id`, `column_name`, `column_comment`, `column_type`, `java_type`, `java_field`, `is_pk`, `is_increment`, `is_required`, `is_insert`, `is_edit`, `is_list`, `is_query`, `query_type`, `html_type`, `dict_type`, `sort`, `create_by`, `create_time`, `update_by`, `update_time`) VALUES (723, 34, 'create_by', '创建者', 'varchar(64)', 'String', 'createBy', '0', '0', NULL, '1', NULL, NULL, NULL, 'EQ', 'input', '', 14, '', '2025-04-02 16:51:21', '', NULL);
INSERT INTO `gen_table_column` (`column_id`, `table_id`, `column_name`, `column_comment`, `column_type`, `java_type`, `java_field`, `is_pk`, `is_increment`, `is_required`, `is_insert`, `is_edit`, `is_list`, `is_query`, `query_type`, `html_type`, `dict_type`, `sort`, `create_by`, `create_time`, `update_by`, `update_time`) VALUES (724, 34, 'update_time', '更新时间', 'datetime', 'Date', 'updateTime', '0', '0', NULL, '1', '1', NULL, NULL, 'EQ', 'datetime', '', 15, '', '2025-04-02 16:51:21', '', NULL);
INSERT INTO `gen_table_column` (`column_id`, `table_id`, `column_name`, `column_comment`, `column_type`, `java_type`, `java_field`, `is_pk`, `is_increment`, `is_required`, `is_insert`, `is_edit`, `is_list`, `is_query`, `query_type`, `html_type`, `dict_type`, `sort`, `create_by`, `create_time`, `update_by`, `update_time`) VALUES (725, 34, 'update_by', '更新者', 'varchar(64)', 'String', 'updateBy', '0', '0', NULL, '1', '1', NULL, NULL, 'EQ', 'input', '', 17, '', '2025-04-02 16:51:21', '', NULL);
INSERT INTO `gen_table_column` (`column_id`, `table_id`, `column_name`, `column_comment`, `column_type`, `java_type`, `java_field`, `is_pk`, `is_increment`, `is_required`, `is_insert`, `is_edit`, `is_list`, `is_query`, `query_type`, `html_type`, `dict_type`, `sort`, `create_by`, `create_time`, `update_by`, `update_time`) VALUES (726, 35, 'del_flag', '删除标志（0代表存在 1代表删除）', 'char(1)', 'String', 'delFlag', '0', '0', NULL, '1', NULL, NULL, NULL, 'EQ', 'input', '', 15, '', '2025-04-02 16:51:22', '', NULL);
INSERT INTO `gen_table_column` (`column_id`, `table_id`, `column_name`, `column_comment`, `column_type`, `java_type`, `java_field`, `is_pk`, `is_increment`, `is_required`, `is_insert`, `is_edit`, `is_list`, `is_query`, `query_type`, `html_type`, `dict_type`, `sort`, `create_by`, `create_time`, `update_by`, `update_time`) VALUES (727, 35, 'create_by', '创建者', 'varchar(64)', 'String', 'createBy', '0', '0', NULL, '1', NULL, NULL, NULL, 'EQ', 'input', '', 16, '', '2025-04-02 16:51:22', '', NULL);
INSERT INTO `gen_table_column` (`column_id`, `table_id`, `column_name`, `column_comment`, `column_type`, `java_type`, `java_field`, `is_pk`, `is_increment`, `is_required`, `is_insert`, `is_edit`, `is_list`, `is_query`, `query_type`, `html_type`, `dict_type`, `sort`, `create_by`, `create_time`, `update_by`, `update_time`) VALUES (728, 35, 'update_time', '更新时间', 'datetime', 'Date', 'updateTime', '0', '0', NULL, '1', '1', NULL, NULL, 'EQ', 'datetime', '', 17, '', '2025-04-02 16:51:22', '', NULL);
INSERT INTO `gen_table_column` (`column_id`, `table_id`, `column_name`, `column_comment`, `column_type`, `java_type`, `java_field`, `is_pk`, `is_increment`, `is_required`, `is_insert`, `is_edit`, `is_list`, `is_query`, `query_type`, `html_type`, `dict_type`, `sort`, `create_by`, `create_time`, `update_by`, `update_time`) VALUES (729, 35, 'update_by', '更新者', 'varchar(64)', 'String', 'updateBy', '0', '0', NULL, '1', '1', NULL, NULL, 'EQ', 'input', '', 19, '', '2025-04-02 16:51:23', '', NULL);
INSERT INTO `gen_table_column` (`column_id`, `table_id`, `column_name`, `column_comment`, `column_type`, `java_type`, `java_field`, `is_pk`, `is_increment`, `is_required`, `is_insert`, `is_edit`, `is_list`, `is_query`, `query_type`, `html_type`, `dict_type`, `sort`, `create_by`, `create_time`, `update_by`, `update_time`) VALUES (730, 36, 'del_flag', '删除标志（0代表存在 1代表删除）', 'char(1)', 'String', 'delFlag', '0', '0', NULL, '1', NULL, NULL, NULL, 'EQ', 'input', '', 30, '', '2025-04-02 16:51:25', '', NULL);
INSERT INTO `gen_table_column` (`column_id`, `table_id`, `column_name`, `column_comment`, `column_type`, `java_type`, `java_field`, `is_pk`, `is_increment`, `is_required`, `is_insert`, `is_edit`, `is_list`, `is_query`, `query_type`, `html_type`, `dict_type`, `sort`, `create_by`, `create_time`, `update_by`, `update_time`) VALUES (731, 36, 'create_by', '创建者', 'varchar(64)', 'String', 'createBy', '0', '0', NULL, '1', NULL, NULL, NULL, 'EQ', 'input', '', 31, '', '2025-04-02 16:51:25', '', NULL);
INSERT INTO `gen_table_column` (`column_id`, `table_id`, `column_name`, `column_comment`, `column_type`, `java_type`, `java_field`, `is_pk`, `is_increment`, `is_required`, `is_insert`, `is_edit`, `is_list`, `is_query`, `query_type`, `html_type`, `dict_type`, `sort`, `create_by`, `create_time`, `update_by`, `update_time`) VALUES (732, 36, 'update_time', '更新时间', 'datetime', 'Date', 'updateTime', '0', '0', NULL, '1', '1', NULL, NULL, 'EQ', 'datetime', '', 32, '', '2025-04-02 16:51:26', '', NULL);
INSERT INTO `gen_table_column` (`column_id`, `table_id`, `column_name`, `column_comment`, `column_type`, `java_type`, `java_field`, `is_pk`, `is_increment`, `is_required`, `is_insert`, `is_edit`, `is_list`, `is_query`, `query_type`, `html_type`, `dict_type`, `sort`, `create_by`, `create_time`, `update_by`, `update_time`) VALUES (733, 36, 'update_by', '更新者', 'varchar(64)', 'String', 'updateBy', '0', '0', NULL, '1', '1', NULL, NULL, 'EQ', 'input', '', 34, '', '2025-04-02 16:51:26', '', NULL);
INSERT INTO `gen_table_column` (`column_id`, `table_id`, `column_name`, `column_comment`, `column_type`, `java_type`, `java_field`, `is_pk`, `is_increment`, `is_required`, `is_insert`, `is_edit`, `is_list`, `is_query`, `query_type`, `html_type`, `dict_type`, `sort`, `create_by`, `create_time`, `update_by`, `update_time`) VALUES (734, 37, 'del_flag', '删除标志（0代表存在 1代表删除）', 'char(1)', 'String', 'delFlag', '0', '0', NULL, '1', NULL, NULL, NULL, 'EQ', 'input', '', 13, '', '2025-04-02 16:51:26', '', NULL);
INSERT INTO `gen_table_column` (`column_id`, `table_id`, `column_name`, `column_comment`, `column_type`, `java_type`, `java_field`, `is_pk`, `is_increment`, `is_required`, `is_insert`, `is_edit`, `is_list`, `is_query`, `query_type`, `html_type`, `dict_type`, `sort`, `create_by`, `create_time`, `update_by`, `update_time`) VALUES (735, 37, 'create_by', '创建者', 'varchar(64)', 'String', 'createBy', '0', '0', NULL, '1', NULL, NULL, NULL, 'EQ', 'input', '', 14, '', '2025-04-02 16:51:26', '', NULL);
INSERT INTO `gen_table_column` (`column_id`, `table_id`, `column_name`, `column_comment`, `column_type`, `java_type`, `java_field`, `is_pk`, `is_increment`, `is_required`, `is_insert`, `is_edit`, `is_list`, `is_query`, `query_type`, `html_type`, `dict_type`, `sort`, `create_by`, `create_time`, `update_by`, `update_time`) VALUES (736, 37, 'update_time', '更新时间', 'datetime', 'Date', 'updateTime', '0', '0', NULL, '1', '1', NULL, NULL, 'EQ', 'datetime', '', 15, '', '2025-04-02 16:51:26', '', NULL);
INSERT INTO `gen_table_column` (`column_id`, `table_id`, `column_name`, `column_comment`, `column_type`, `java_type`, `java_field`, `is_pk`, `is_increment`, `is_required`, `is_insert`, `is_edit`, `is_list`, `is_query`, `query_type`, `html_type`, `dict_type`, `sort`, `create_by`, `create_time`, `update_by`, `update_time`) VALUES (737, 37, 'update_by', '更新者', 'varchar(64)', 'String', 'updateBy', '0', '0', NULL, '1', '1', NULL, NULL, 'EQ', 'input', '', 17, '', '2025-04-02 16:51:26', '', NULL);
INSERT INTO `gen_table_column` (`column_id`, `table_id`, `column_name`, `column_comment`, `column_type`, `java_type`, `java_field`, `is_pk`, `is_increment`, `is_required`, `is_insert`, `is_edit`, `is_list`, `is_query`, `query_type`, `html_type`, `dict_type`, `sort`, `create_by`, `create_time`, `update_by`, `update_time`) VALUES (738, 38, 'del_flag', '删除标志（0代表存在 1代表删除）', 'char(1)', 'String', 'delFlag', '0', '0', NULL, '1', NULL, NULL, NULL, 'EQ', 'input', '', 10, '', '2025-04-02 16:51:28', '', NULL);
INSERT INTO `gen_table_column` (`column_id`, `table_id`, `column_name`, `column_comment`, `column_type`, `java_type`, `java_field`, `is_pk`, `is_increment`, `is_required`, `is_insert`, `is_edit`, `is_list`, `is_query`, `query_type`, `html_type`, `dict_type`, `sort`, `create_by`, `create_time`, `update_by`, `update_time`) VALUES (739, 38, 'create_by', '创建者', 'varchar(64)', 'String', 'createBy', '0', '0', NULL, '1', NULL, NULL, NULL, 'EQ', 'input', '', 11, '', '2025-04-02 16:51:28', '', NULL);
INSERT INTO `gen_table_column` (`column_id`, `table_id`, `column_name`, `column_comment`, `column_type`, `java_type`, `java_field`, `is_pk`, `is_increment`, `is_required`, `is_insert`, `is_edit`, `is_list`, `is_query`, `query_type`, `html_type`, `dict_type`, `sort`, `create_by`, `create_time`, `update_by`, `update_time`) VALUES (740, 38, 'update_time', '更新时间', 'datetime', 'Date', 'updateTime', '0', '0', NULL, '1', '1', NULL, NULL, 'EQ', 'datetime', '', 12, '', '2025-04-02 16:51:28', '', NULL);
INSERT INTO `gen_table_column` (`column_id`, `table_id`, `column_name`, `column_comment`, `column_type`, `java_type`, `java_field`, `is_pk`, `is_increment`, `is_required`, `is_insert`, `is_edit`, `is_list`, `is_query`, `query_type`, `html_type`, `dict_type`, `sort`, `create_by`, `create_time`, `update_by`, `update_time`) VALUES (741, 38, 'update_by', '更新者', 'varchar(64)', 'String', 'updateBy', '0', '0', NULL, '1', '1', NULL, NULL, 'EQ', 'input', '', 14, '', '2025-04-02 16:51:29', '', NULL);
INSERT INTO `gen_table_column` (`column_id`, `table_id`, `column_name`, `column_comment`, `column_type`, `java_type`, `java_field`, `is_pk`, `is_increment`, `is_required`, `is_insert`, `is_edit`, `is_list`, `is_query`, `query_type`, `html_type`, `dict_type`, `sort`, `create_by`, `create_time`, `update_by`, `update_time`) VALUES (742, 39, 'del_flag', '删除标志（0代表存在 1代表删除）', 'char(1)', 'String', 'delFlag', '0', '0', NULL, '1', NULL, NULL, NULL, 'EQ', 'input', '', 27, '', '2025-04-02 16:51:32', '', NULL);
INSERT INTO `gen_table_column` (`column_id`, `table_id`, `column_name`, `column_comment`, `column_type`, `java_type`, `java_field`, `is_pk`, `is_increment`, `is_required`, `is_insert`, `is_edit`, `is_list`, `is_query`, `query_type`, `html_type`, `dict_type`, `sort`, `create_by`, `create_time`, `update_by`, `update_time`) VALUES (743, 39, 'create_by', '创建者', 'varchar(64)', 'String', 'createBy', '0', '0', NULL, '1', NULL, NULL, NULL, 'EQ', 'input', '', 28, '', '2025-04-02 16:51:32', '', NULL);
INSERT INTO `gen_table_column` (`column_id`, `table_id`, `column_name`, `column_comment`, `column_type`, `java_type`, `java_field`, `is_pk`, `is_increment`, `is_required`, `is_insert`, `is_edit`, `is_list`, `is_query`, `query_type`, `html_type`, `dict_type`, `sort`, `create_by`, `create_time`, `update_by`, `update_time`) VALUES (744, 39, 'update_time', '更新时间', 'datetime', 'Date', 'updateTime', '0', '0', NULL, '1', '1', NULL, NULL, 'EQ', 'datetime', '', 29, '', '2025-04-02 16:51:32', '', NULL);
INSERT INTO `gen_table_column` (`column_id`, `table_id`, `column_name`, `column_comment`, `column_type`, `java_type`, `java_field`, `is_pk`, `is_increment`, `is_required`, `is_insert`, `is_edit`, `is_list`, `is_query`, `query_type`, `html_type`, `dict_type`, `sort`, `create_by`, `create_time`, `update_by`, `update_time`) VALUES (745, 39, 'update_by', '更新者', 'varchar(64)', 'String', 'updateBy', '0', '0', NULL, '1', '1', NULL, NULL, 'EQ', 'input', '', 31, '', '2025-04-02 16:51:32', '', NULL);
INSERT INTO `gen_table_column` (`column_id`, `table_id`, `column_name`, `column_comment`, `column_type`, `java_type`, `java_field`, `is_pk`, `is_increment`, `is_required`, `is_insert`, `is_edit`, `is_list`, `is_query`, `query_type`, `html_type`, `dict_type`, `sort`, `create_by`, `create_time`, `update_by`, `update_time`) VALUES (746, 48, 'landing_id', '唯一id', 'bigint', 'Long', 'landingId', '1', '1', NULL, '1', NULL, NULL, NULL, 'EQ', 'input', '', 1, '1', '2025-04-12 16:35:47', '', NULL);
INSERT INTO `gen_table_column` (`column_id`, `table_id`, `column_name`, `column_comment`, `column_type`, `java_type`, `java_field`, `is_pk`, `is_increment`, `is_required`, `is_insert`, `is_edit`, `is_list`, `is_query`, `query_type`, `html_type`, `dict_type`, `sort`, `create_by`, `create_time`, `update_by`, `update_time`) VALUES (747, 48, 'channel_code', '渠道码', 'varchar(100)', 'String', 'channelCode', '0', '0', NULL, '1', '1', '1', '1', 'EQ', 'input', '', 2, '1', '2025-04-12 16:35:47', '', NULL);
INSERT INTO `gen_table_column` (`column_id`, `table_id`, `column_name`, `column_comment`, `column_type`, `java_type`, `java_field`, `is_pk`, `is_increment`, `is_required`, `is_insert`, `is_edit`, `is_list`, `is_query`, `query_type`, `html_type`, `dict_type`, `sort`, `create_by`, `create_time`, `update_by`, `update_time`) VALUES (748, 48, 'fb_pid', 'fb像素id', 'varchar(100)', 'String', 'fbPid', '0', '0', NULL, '1', '1', '1', '1', 'EQ', 'input', '', 3, '1', '2025-04-12 16:35:47', '', NULL);
INSERT INTO `gen_table_column` (`column_id`, `table_id`, `column_name`, `column_comment`, `column_type`, `java_type`, `java_field`, `is_pk`, `is_increment`, `is_required`, `is_insert`, `is_edit`, `is_list`, `is_query`, `query_type`, `html_type`, `dict_type`, `sort`, `create_by`, `create_time`, `update_by`, `update_time`) VALUES (749, 48, 'ad_token', 'adjust 平台adToken', 'varchar(1000)', 'String', 'adToken', '0', '0', NULL, '1', '1', '1', '1', 'EQ', 'textarea', '', 4, '1', '2025-04-12 16:35:47', '', NULL);
INSERT INTO `gen_table_column` (`column_id`, `table_id`, `column_name`, `column_comment`, `column_type`, `java_type`, `java_field`, `is_pk`, `is_increment`, `is_required`, `is_insert`, `is_edit`, `is_list`, `is_query`, `query_type`, `html_type`, `dict_type`, `sort`, `create_by`, `create_time`, `update_by`, `update_time`) VALUES (750, 48, 'download_url', 'app下载地址', 'varchar(1000)', 'String', 'downloadUrl', '0', '0', NULL, '1', '1', '1', '1', 'EQ', 'textarea', '', 5, '1', '2025-04-12 16:35:47', '', NULL);
INSERT INTO `gen_table_column` (`column_id`, `table_id`, `column_name`, `column_comment`, `column_type`, `java_type`, `java_field`, `is_pk`, `is_increment`, `is_required`, `is_insert`, `is_edit`, `is_list`, `is_query`, `query_type`, `html_type`, `dict_type`, `sort`, `create_by`, `create_time`, `update_by`, `update_time`) VALUES (751, 48, 'whatsapp', 'whatsapp跳转地址', 'varchar(1000)', 'String', 'whatsapp', '0', '0', NULL, '1', '1', '1', '1', 'EQ', 'textarea', '', 6, '1', '2025-04-12 16:35:47', '', NULL);
INSERT INTO `gen_table_column` (`column_id`, `table_id`, `column_name`, `column_comment`, `column_type`, `java_type`, `java_field`, `is_pk`, `is_increment`, `is_required`, `is_insert`, `is_edit`, `is_list`, `is_query`, `query_type`, `html_type`, `dict_type`, `sort`, `create_by`, `create_time`, `update_by`, `update_time`) VALUES (752, 48, 'tmp_id', '落地页模版id', 'varchar(200)', 'String', 'tmpId', '0', '0', NULL, '1', '1', '1', '1', 'EQ', 'input', '', 7, '1', '2025-04-12 16:35:48', '', NULL);
INSERT INTO `gen_table_column` (`column_id`, `table_id`, `column_name`, `column_comment`, `column_type`, `java_type`, `java_field`, `is_pk`, `is_increment`, `is_required`, `is_insert`, `is_edit`, `is_list`, `is_query`, `query_type`, `html_type`, `dict_type`, `sort`, `create_by`, `create_time`, `update_by`, `update_time`) VALUES (753, 48, 'site_domain', '落地页域名', 'varchar(200)', 'String', 'siteDomain', '0', '0', NULL, '1', '1', '1', '1', 'EQ', 'input', '', 8, '1', '2025-04-12 16:35:48', '', NULL);
INSERT INTO `gen_table_column` (`column_id`, `table_id`, `column_name`, `column_comment`, `column_type`, `java_type`, `java_field`, `is_pk`, `is_increment`, `is_required`, `is_insert`, `is_edit`, `is_list`, `is_query`, `query_type`, `html_type`, `dict_type`, `sort`, `create_by`, `create_time`, `update_by`, `update_time`) VALUES (754, 48, 'remark', '备注', 'varchar(2000)', 'String', 'remark', '0', '0', NULL, '1', '1', '1', NULL, 'EQ', 'textarea', '', 9, '1', '2025-04-12 16:35:48', '', NULL);
INSERT INTO `gen_table_column` (`column_id`, `table_id`, `column_name`, `column_comment`, `column_type`, `java_type`, `java_field`, `is_pk`, `is_increment`, `is_required`, `is_insert`, `is_edit`, `is_list`, `is_query`, `query_type`, `html_type`, `dict_type`, `sort`, `create_by`, `create_time`, `update_by`, `update_time`) VALUES (755, 48, 'create_time', '创建时间', 'datetime', 'Date', 'createTime', '0', '0', NULL, '1', NULL, NULL, NULL, 'EQ', 'datetime', '', 10, '1', '2025-04-12 16:35:48', '', NULL);
INSERT INTO `gen_table_column` (`column_id`, `table_id`, `column_name`, `column_comment`, `column_type`, `java_type`, `java_field`, `is_pk`, `is_increment`, `is_required`, `is_insert`, `is_edit`, `is_list`, `is_query`, `query_type`, `html_type`, `dict_type`, `sort`, `create_by`, `create_time`, `update_by`, `update_time`) VALUES (758, 49, 'remark', '备注', 'varchar(2000)', 'String', 'remark', '0', '0', NULL, '1', '1', '1', NULL, 'EQ', 'textarea', '', 6, '1', '2025-04-12 18:43:16', '', '2025-04-15 13:50:58');
INSERT INTO `gen_table_column` (`column_id`, `table_id`, `column_name`, `column_comment`, `column_type`, `java_type`, `java_field`, `is_pk`, `is_increment`, `is_required`, `is_insert`, `is_edit`, `is_list`, `is_query`, `query_type`, `html_type`, `dict_type`, `sort`, `create_by`, `create_time`, `update_by`, `update_time`) VALUES (759, 49, 'create_by', '创建者', 'varchar(64)', 'String', 'createBy', '0', '0', NULL, '1', NULL, NULL, NULL, 'EQ', 'input', '', 7, '1', '2025-04-12 18:43:17', '', '2025-04-15 13:50:58');
INSERT INTO `gen_table_column` (`column_id`, `table_id`, `column_name`, `column_comment`, `column_type`, `java_type`, `java_field`, `is_pk`, `is_increment`, `is_required`, `is_insert`, `is_edit`, `is_list`, `is_query`, `query_type`, `html_type`, `dict_type`, `sort`, `create_by`, `create_time`, `update_by`, `update_time`) VALUES (760, 49, 'update_time', '更新时间', 'datetime', 'Date', 'updateTime', '0', '0', NULL, '1', '1', NULL, NULL, 'EQ', 'datetime', '', 8, '1', '2025-04-12 18:43:17', '', '2025-04-15 13:50:58');
INSERT INTO `gen_table_column` (`column_id`, `table_id`, `column_name`, `column_comment`, `column_type`, `java_type`, `java_field`, `is_pk`, `is_increment`, `is_required`, `is_insert`, `is_edit`, `is_list`, `is_query`, `query_type`, `html_type`, `dict_type`, `sort`, `create_by`, `create_time`, `update_by`, `update_time`) VALUES (761, 49, 'create_time', '创建时间', 'datetime', 'Date', 'createTime', '0', '0', NULL, '1', NULL, NULL, NULL, 'EQ', 'datetime', '', 9, '1', '2025-04-12 18:43:17', '', '2025-04-15 13:50:58');
INSERT INTO `gen_table_column` (`column_id`, `table_id`, `column_name`, `column_comment`, `column_type`, `java_type`, `java_field`, `is_pk`, `is_increment`, `is_required`, `is_insert`, `is_edit`, `is_list`, `is_query`, `query_type`, `html_type`, `dict_type`, `sort`, `create_by`, `create_time`, `update_by`, `update_time`) VALUES (762, 49, 'update_by', '更新者', 'varchar(64)', 'String', 'updateBy', '0', '0', NULL, '1', '1', NULL, NULL, 'EQ', 'input', '', 10, '1', '2025-04-12 18:43:17', '', '2025-04-15 13:50:58');
INSERT INTO `gen_table_column` (`column_id`, `table_id`, `column_name`, `column_comment`, `column_type`, `java_type`, `java_field`, `is_pk`, `is_increment`, `is_required`, `is_insert`, `is_edit`, `is_list`, `is_query`, `query_type`, `html_type`, `dict_type`, `sort`, `create_by`, `create_time`, `update_by`, `update_time`) VALUES (763, 49, 'del_flag', '删除标志（0代表存在 1代表删除）', 'char(1)', 'String', 'delFlag', '0', '0', NULL, '1', NULL, NULL, NULL, 'EQ', 'input', '', 11, '1', '2025-04-12 18:43:17', '', '2025-04-15 13:50:58');
INSERT INTO `gen_table_column` (`column_id`, `table_id`, `column_name`, `column_comment`, `column_type`, `java_type`, `java_field`, `is_pk`, `is_increment`, `is_required`, `is_insert`, `is_edit`, `is_list`, `is_query`, `query_type`, `html_type`, `dict_type`, `sort`, `create_by`, `create_time`, `update_by`, `update_time`) VALUES (764, 49, 'tenant_id', '租户id', 'bigint', 'Long', 'tenantId', '0', '0', NULL, '1', '1', '1', '1', 'EQ', 'input', '', 12, '1', '2025-04-12 18:43:17', '', '2025-04-15 13:50:58');
INSERT INTO `gen_table_column` (`column_id`, `table_id`, `column_name`, `column_comment`, `column_type`, `java_type`, `java_field`, `is_pk`, `is_increment`, `is_required`, `is_insert`, `is_edit`, `is_list`, `is_query`, `query_type`, `html_type`, `dict_type`, `sort`, `create_by`, `create_time`, `update_by`, `update_time`) VALUES (765, 50, 'domian_id', '唯一id', 'bigint', 'Long', 'domianId', '1', '1', NULL, '1', NULL, NULL, NULL, 'EQ', 'input', '', 1, '1', '2025-04-12 18:43:18', '', NULL);
INSERT INTO `gen_table_column` (`column_id`, `table_id`, `column_name`, `column_comment`, `column_type`, `java_type`, `java_field`, `is_pk`, `is_increment`, `is_required`, `is_insert`, `is_edit`, `is_list`, `is_query`, `query_type`, `html_type`, `dict_type`, `sort`, `create_by`, `create_time`, `update_by`, `update_time`) VALUES (766, 50, 'domain_name', '域名', 'varchar(100)', 'String', 'domainName', '0', '0', NULL, '1', '1', '1', '1', 'LIKE', 'input', '', 2, '1', '2025-04-12 18:43:18', '', NULL);
INSERT INTO `gen_table_column` (`column_id`, `table_id`, `column_name`, `column_comment`, `column_type`, `java_type`, `java_field`, `is_pk`, `is_increment`, `is_required`, `is_insert`, `is_edit`, `is_list`, `is_query`, `query_type`, `html_type`, `dict_type`, `sort`, `create_by`, `create_time`, `update_by`, `update_time`) VALUES (767, 50, 'remark', '备注', 'varchar(2000)', 'String', 'remark', '0', '0', NULL, '1', '1', '1', NULL, 'EQ', 'textarea', '', 3, '1', '2025-04-12 18:43:18', '', NULL);
INSERT INTO `gen_table_column` (`column_id`, `table_id`, `column_name`, `column_comment`, `column_type`, `java_type`, `java_field`, `is_pk`, `is_increment`, `is_required`, `is_insert`, `is_edit`, `is_list`, `is_query`, `query_type`, `html_type`, `dict_type`, `sort`, `create_by`, `create_time`, `update_by`, `update_time`) VALUES (768, 50, 'create_by', '创建者', 'varchar(64)', 'String', 'createBy', '0', '0', NULL, '1', NULL, NULL, NULL, 'EQ', 'input', '', 4, '1', '2025-04-12 18:43:18', '', NULL);
INSERT INTO `gen_table_column` (`column_id`, `table_id`, `column_name`, `column_comment`, `column_type`, `java_type`, `java_field`, `is_pk`, `is_increment`, `is_required`, `is_insert`, `is_edit`, `is_list`, `is_query`, `query_type`, `html_type`, `dict_type`, `sort`, `create_by`, `create_time`, `update_by`, `update_time`) VALUES (769, 50, 'update_time', '更新时间', 'datetime', 'Date', 'updateTime', '0', '0', NULL, '1', '1', NULL, NULL, 'EQ', 'datetime', '', 5, '1', '2025-04-12 18:43:18', '', NULL);
INSERT INTO `gen_table_column` (`column_id`, `table_id`, `column_name`, `column_comment`, `column_type`, `java_type`, `java_field`, `is_pk`, `is_increment`, `is_required`, `is_insert`, `is_edit`, `is_list`, `is_query`, `query_type`, `html_type`, `dict_type`, `sort`, `create_by`, `create_time`, `update_by`, `update_time`) VALUES (770, 50, 'create_time', '创建时间', 'datetime', 'Date', 'createTime', '0', '0', NULL, '1', NULL, NULL, NULL, 'EQ', 'datetime', '', 6, '1', '2025-04-12 18:43:18', '', NULL);
INSERT INTO `gen_table_column` (`column_id`, `table_id`, `column_name`, `column_comment`, `column_type`, `java_type`, `java_field`, `is_pk`, `is_increment`, `is_required`, `is_insert`, `is_edit`, `is_list`, `is_query`, `query_type`, `html_type`, `dict_type`, `sort`, `create_by`, `create_time`, `update_by`, `update_time`) VALUES (771, 50, 'update_by', '更新者', 'varchar(64)', 'String', 'updateBy', '0', '0', NULL, '1', '1', NULL, NULL, 'EQ', 'input', '', 7, '1', '2025-04-12 18:43:19', '', NULL);
INSERT INTO `gen_table_column` (`column_id`, `table_id`, `column_name`, `column_comment`, `column_type`, `java_type`, `java_field`, `is_pk`, `is_increment`, `is_required`, `is_insert`, `is_edit`, `is_list`, `is_query`, `query_type`, `html_type`, `dict_type`, `sort`, `create_by`, `create_time`, `update_by`, `update_time`) VALUES (772, 50, 'del_flag', '删除标志（0代表存在 1代表删除）', 'char(1)', 'String', 'delFlag', '0', '0', NULL, '1', NULL, NULL, NULL, 'EQ', 'input', '', 8, '1', '2025-04-12 18:43:19', '', NULL);
INSERT INTO `gen_table_column` (`column_id`, `table_id`, `column_name`, `column_comment`, `column_type`, `java_type`, `java_field`, `is_pk`, `is_increment`, `is_required`, `is_insert`, `is_edit`, `is_list`, `is_query`, `query_type`, `html_type`, `dict_type`, `sort`, `create_by`, `create_time`, `update_by`, `update_time`) VALUES (773, 50, 'tenant_id', '租户id', 'bigint', 'Long', 'tenantId', '0', '0', NULL, '1', '1', '1', '1', 'EQ', 'input', '', 9, '1', '2025-04-12 18:43:19', '', NULL);
INSERT INTO `gen_table_column` (`column_id`, `table_id`, `column_name`, `column_comment`, `column_type`, `java_type`, `java_field`, `is_pk`, `is_increment`, `is_required`, `is_insert`, `is_edit`, `is_list`, `is_query`, `query_type`, `html_type`, `dict_type`, `sort`, `create_by`, `create_time`, `update_by`, `update_time`) VALUES (774, 49, 'material_id', '唯一id', 'bigint', 'Long', 'materialId', '1', '1', NULL, '1', NULL, NULL, NULL, 'EQ', 'input', '', 1, '', '2025-04-15 13:50:58', '', NULL);
INSERT INTO `gen_table_column` (`column_id`, `table_id`, `column_name`, `column_comment`, `column_type`, `java_type`, `java_field`, `is_pk`, `is_increment`, `is_required`, `is_insert`, `is_edit`, `is_list`, `is_query`, `query_type`, `html_type`, `dict_type`, `sort`, `create_by`, `create_time`, `update_by`, `update_time`) VALUES (775, 49, 'src', '地址', 'varchar(100)', 'String', 'src', '0', '0', NULL, '1', '1', '1', '1', 'EQ', 'input', '', 2, '', '2025-04-15 13:50:58', '', NULL);
INSERT INTO `gen_table_column` (`column_id`, `table_id`, `column_name`, `column_comment`, `column_type`, `java_type`, `java_field`, `is_pk`, `is_increment`, `is_required`, `is_insert`, `is_edit`, `is_list`, `is_query`, `query_type`, `html_type`, `dict_type`, `sort`, `create_by`, `create_time`, `update_by`, `update_time`) VALUES (776, 49, 'material_name', '文件名称', 'varchar(100)', 'String', 'materialName', '0', '0', NULL, '1', '1', '1', '1', 'LIKE', 'input', '', 3, '', '2025-04-15 13:50:58', '', NULL);
INSERT INTO `gen_table_column` (`column_id`, `table_id`, `column_name`, `column_comment`, `column_type`, `java_type`, `java_field`, `is_pk`, `is_increment`, `is_required`, `is_insert`, `is_edit`, `is_list`, `is_query`, `query_type`, `html_type`, `dict_type`, `sort`, `create_by`, `create_time`, `update_by`, `update_time`) VALUES (777, 49, 'material_category', '文件分类 用户自己分', 'varchar(100)', 'String', 'materialCategory', '0', '0', NULL, '1', '1', '1', '1', 'EQ', 'input', '', 4, '', '2025-04-15 13:50:58', '', NULL);
INSERT INTO `gen_table_column` (`column_id`, `table_id`, `column_name`, `column_comment`, `column_type`, `java_type`, `java_field`, `is_pk`, `is_increment`, `is_required`, `is_insert`, `is_edit`, `is_list`, `is_query`, `query_type`, `html_type`, `dict_type`, `sort`, `create_by`, `create_time`, `update_by`, `update_time`) VALUES (778, 49, 'material_type', '文件类型 img apk等', 'varchar(100)', 'String', 'materialType', '0', '0', NULL, '1', '1', '1', '1', 'EQ', 'select', '', 5, '', '2025-04-15 13:50:58', '', NULL);
COMMIT;

-- ----------------------------
-- Table structure for gen_table_copy1
-- ----------------------------
DROP TABLE IF EXISTS `gen_table_copy1`;
CREATE TABLE `gen_table_copy1` (
  `table_id` bigint NOT NULL AUTO_INCREMENT COMMENT '编号',
  `schema_name` varchar(255) CHARACTER SET utf8mb4 COLLATE utf8mb4_general_ci DEFAULT NULL,
  `table_name` varchar(200) CHARACTER SET utf8mb4 COLLATE utf8mb4_general_ci DEFAULT '' COMMENT '表名称',
  `table_comment` varchar(500) CHARACTER SET utf8mb4 COLLATE utf8mb4_general_ci DEFAULT '' COMMENT '表描述',
  `sub_table_name` varchar(64) CHARACTER SET utf8mb4 COLLATE utf8mb4_general_ci DEFAULT NULL COMMENT '关联子表的表名',
  `sub_table_fk_name` varchar(64) CHARACTER SET utf8mb4 COLLATE utf8mb4_general_ci DEFAULT NULL COMMENT '子表关联的外键名',
  `class_name` varchar(100) CHARACTER SET utf8mb4 COLLATE utf8mb4_general_ci DEFAULT '' COMMENT '实体类名称',
  `tpl_category` varchar(200) CHARACTER SET utf8mb4 COLLATE utf8mb4_general_ci DEFAULT 'crud' COMMENT '使用的模板（crud单表操作 tree树表操作）',
  `tpl_web_type` varchar(30) CHARACTER SET utf8mb4 COLLATE utf8mb4_general_ci DEFAULT '' COMMENT '前端模板类型（element-ui模版 element-plus模版）',
  `package_name` varchar(100) CHARACTER SET utf8mb4 COLLATE utf8mb4_general_ci DEFAULT NULL COMMENT '生成包路径',
  `module_name` varchar(30) CHARACTER SET utf8mb4 COLLATE utf8mb4_general_ci DEFAULT NULL COMMENT '生成模块名',
  `business_name` varchar(30) CHARACTER SET utf8mb4 COLLATE utf8mb4_general_ci DEFAULT NULL COMMENT '生成业务名',
  `function_name` varchar(50) CHARACTER SET utf8mb4 COLLATE utf8mb4_general_ci DEFAULT NULL COMMENT '生成功能名',
  `function_author` varchar(50) CHARACTER SET utf8mb4 COLLATE utf8mb4_general_ci DEFAULT NULL COMMENT '生成功能作者',
  `gen_type` char(1) CHARACTER SET utf8mb4 COLLATE utf8mb4_general_ci DEFAULT '0' COMMENT '生成代码方式（0zip压缩包 1自定义路径）',
  `gen_path` varchar(200) CHARACTER SET utf8mb4 COLLATE utf8mb4_general_ci DEFAULT '/' COMMENT '生成路径（不填默认项目路径）',
  `options` varchar(1000) CHARACTER SET utf8mb4 COLLATE utf8mb4_general_ci DEFAULT NULL COMMENT '其它生成选项',
  `create_by` varchar(64) CHARACTER SET utf8mb4 COLLATE utf8mb4_general_ci DEFAULT '' COMMENT '创建者',
  `create_time` datetime DEFAULT NULL COMMENT '创建时间',
  `update_by` varchar(64) CHARACTER SET utf8mb4 COLLATE utf8mb4_general_ci DEFAULT '' COMMENT '更新者',
  `update_time` datetime DEFAULT NULL COMMENT '更新时间',
  `remark` varchar(500) CHARACTER SET utf8mb4 COLLATE utf8mb4_general_ci DEFAULT NULL COMMENT '备注',
  PRIMARY KEY (`table_id`)
) ENGINE=InnoDB AUTO_INCREMENT=48 DEFAULT CHARSET=utf8mb4 COLLATE=utf8mb4_general_ci COMMENT='代码生成业务表';

-- ----------------------------
-- Records of gen_table_copy1
-- ----------------------------
BEGIN;
INSERT INTO `gen_table_copy1` (`table_id`, `schema_name`, `table_name`, `table_comment`, `sub_table_name`, `sub_table_fk_name`, `class_name`, `tpl_category`, `tpl_web_type`, `package_name`, `module_name`, `business_name`, `function_name`, `function_author`, `gen_type`, `gen_path`, `options`, `create_by`, `create_time`, `update_by`, `update_time`, `remark`) VALUES (33, 'adm', 'act_card_info', '账户卡片表', NULL, NULL, 'ActCardInfo', 'crud', '', 'com.ruoyi.system', 'system', 'info', '账户卡片', 'ruoyi', '0', '/', NULL, '1', '2025-03-30 18:05:05', '', NULL, NULL);
INSERT INTO `gen_table_copy1` (`table_id`, `schema_name`, `table_name`, `table_comment`, `sub_table_name`, `sub_table_fk_name`, `class_name`, `tpl_category`, `tpl_web_type`, `package_name`, `module_name`, `business_name`, `function_name`, `function_author`, `gen_type`, `gen_path`, `options`, `create_by`, `create_time`, `update_by`, `update_time`, `remark`) VALUES (34, 'adm', 'act_info', '广告平台账户表', NULL, NULL, 'ActInfo', 'crud', '', 'com.ruoyi.system', 'system', 'info', '广告平台账户', 'ruoyi', '0', '/', NULL, '1', '2025-03-30 18:05:05', '', NULL, NULL);
INSERT INTO `gen_table_copy1` (`table_id`, `schema_name`, `table_name`, `table_comment`, `sub_table_name`, `sub_table_fk_name`, `class_name`, `tpl_category`, `tpl_web_type`, `package_name`, `module_name`, `business_name`, `function_name`, `function_author`, `gen_type`, `gen_path`, `options`, `create_by`, `create_time`, `update_by`, `update_time`, `remark`) VALUES (35, 'adm', 'ad_group_info', '广告组信息表', NULL, NULL, 'AdGroupInfo', 'crud', '', 'com.ruoyi.system', 'system', 'info', '广告组信息', 'ruoyi', '0', '/', NULL, '1', '2025-03-30 18:05:06', '', NULL, NULL);
INSERT INTO `gen_table_copy1` (`table_id`, `schema_name`, `table_name`, `table_comment`, `sub_table_name`, `sub_table_fk_name`, `class_name`, `tpl_category`, `tpl_web_type`, `package_name`, `module_name`, `business_name`, `function_name`, `function_author`, `gen_type`, `gen_path`, `options`, `create_by`, `create_time`, `update_by`, `update_time`, `remark`) VALUES (36, 'adm', 'ad_info', '广告表', NULL, NULL, 'AdInfo', 'crud', '', 'com.ruoyi.system', 'system', 'info', '广告', 'ruoyi', '0', '/', NULL, '1', '2025-03-30 18:05:08', '', NULL, NULL);
INSERT INTO `gen_table_copy1` (`table_id`, `schema_name`, `table_name`, `table_comment`, `sub_table_name`, `sub_table_fk_name`, `class_name`, `tpl_category`, `tpl_web_type`, `package_name`, `module_name`, `business_name`, `function_name`, `function_author`, `gen_type`, `gen_path`, `options`, `create_by`, `create_time`, `update_by`, `update_time`, `remark`) VALUES (37, 'adm', 'ad_series_info', '广告系列信息表', NULL, NULL, 'AdSeriesInfo', 'crud', '', 'com.ruoyi.system', 'system', 'info', '广告系列信息', 'ruoyi', '0', '/', NULL, '1', '2025-03-30 18:05:10', '', NULL, NULL);
INSERT INTO `gen_table_copy1` (`table_id`, `schema_name`, `table_name`, `table_comment`, `sub_table_name`, `sub_table_fk_name`, `class_name`, `tpl_category`, `tpl_web_type`, `package_name`, `module_name`, `business_name`, `function_name`, `function_author`, `gen_type`, `gen_path`, `options`, `create_by`, `create_time`, `update_by`, `update_time`, `remark`) VALUES (38, 'adm', 'bm_info', '广告BM列表', NULL, NULL, 'BmInfo', 'crud', '', 'com.ruoyi.system', 'system', 'info', '广告BM列', 'ruoyi', '0', '/', NULL, '1', '2025-03-30 18:05:11', '', NULL, NULL);
INSERT INTO `gen_table_copy1` (`table_id`, `schema_name`, `table_name`, `table_comment`, `sub_table_name`, `sub_table_fk_name`, `class_name`, `tpl_category`, `tpl_web_type`, `package_name`, `module_name`, `business_name`, `function_name`, `function_author`, `gen_type`, `gen_path`, `options`, `create_by`, `create_time`, `update_by`, `update_time`, `remark`) VALUES (39, 'adm', 'busi_report', '商务每日报表', NULL, NULL, 'BusiReport', 'crud', '', 'com.ruoyi.system', 'system', 'report', '商务每日报', 'ruoyi', '0', '/', NULL, '1', '2025-03-30 18:05:11', '', NULL, NULL);
INSERT INTO `gen_table_copy1` (`table_id`, `schema_name`, `table_name`, `table_comment`, `sub_table_name`, `sub_table_fk_name`, `class_name`, `tpl_category`, `tpl_web_type`, `package_name`, `module_name`, `business_name`, `function_name`, `function_author`, `gen_type`, `gen_path`, `options`, `create_by`, `create_time`, `update_by`, `update_time`, `remark`) VALUES (40, 'adm', 'channel_info', '渠道信息表', NULL, NULL, 'ChannelInfo', 'crud', '', 'com.ruoyi.system', 'system', 'info', '渠道信息', 'ruoyi', '0', '/', NULL, '1', '2025-03-30 18:05:13', '', NULL, NULL);
INSERT INTO `gen_table_copy1` (`table_id`, `schema_name`, `table_name`, `table_comment`, `sub_table_name`, `sub_table_fk_name`, `class_name`, `tpl_category`, `tpl_web_type`, `package_name`, `module_name`, `business_name`, `function_name`, `function_author`, `gen_type`, `gen_path`, `options`, `create_by`, `create_time`, `update_by`, `update_time`, `remark`) VALUES (41, 'adm', 'cloak_detail', '斗篷列表', NULL, NULL, 'CloakDetail', 'crud', '', 'com.ruoyi.system', 'system', 'detail', '斗篷列', 'ruoyi', '0', '/', NULL, '1', '2025-03-30 18:05:14', '', NULL, NULL);
INSERT INTO `gen_table_copy1` (`table_id`, `schema_name`, `table_name`, `table_comment`, `sub_table_name`, `sub_table_fk_name`, `class_name`, `tpl_category`, `tpl_web_type`, `package_name`, `module_name`, `business_name`, `function_name`, `function_author`, `gen_type`, `gen_path`, `options`, `create_by`, `create_time`, `update_by`, `update_time`, `remark`) VALUES (42, 'adm', 'cloak_domain', '斗篷域名表', NULL, NULL, 'CloakDomain', 'crud', '', 'com.ruoyi.system', 'system', 'domain', '斗篷域名', 'ruoyi', '0', '/', NULL, '1', '2025-03-30 18:05:15', '', NULL, NULL);
INSERT INTO `gen_table_copy1` (`table_id`, `schema_name`, `table_name`, `table_comment`, `sub_table_name`, `sub_table_fk_name`, `class_name`, `tpl_category`, `tpl_web_type`, `package_name`, `module_name`, `business_name`, `function_name`, `function_author`, `gen_type`, `gen_path`, `options`, `create_by`, `create_time`, `update_by`, `update_time`, `remark`) VALUES (43, 'adm', 'cloak_tmpl', '斗篷模板列表', NULL, NULL, 'CloakTmpl', 'crud', '', 'com.ruoyi.system', 'system', 'tmpl', '斗篷模板列', 'ruoyi', '0', '/', NULL, '1', '2025-03-30 18:05:16', '', NULL, NULL);
INSERT INTO `gen_table_copy1` (`table_id`, `schema_name`, `table_name`, `table_comment`, `sub_table_name`, `sub_table_fk_name`, `class_name`, `tpl_category`, `tpl_web_type`, `package_name`, `module_name`, `business_name`, `function_name`, `function_author`, `gen_type`, `gen_path`, `options`, `create_by`, `create_time`, `update_by`, `update_time`, `remark`) VALUES (44, 'adm', 'opt_report', '优化每日报表', NULL, NULL, 'OptReport', 'crud', '', 'com.ruoyi.system', 'system', 'report', '优化每日报', 'ruoyi', '0', '/', NULL, '1', '2025-03-30 18:05:16', '', NULL, NULL);
INSERT INTO `gen_table_copy1` (`table_id`, `schema_name`, `table_name`, `table_comment`, `sub_table_name`, `sub_table_fk_name`, `class_name`, `tpl_category`, `tpl_web_type`, `package_name`, `module_name`, `business_name`, `function_name`, `function_author`, `gen_type`, `gen_path`, `options`, `create_by`, `create_time`, `update_by`, `update_time`, `remark`) VALUES (45, 'adm', 'plat_account', '广告平台账户表', NULL, NULL, 'PlatAccount', 'crud', '', 'com.ruoyi.system', 'system', 'account', '广告平台账户', 'ruoyi', '0', '/', NULL, '1', '2025-03-30 18:05:18', '', NULL, NULL);
INSERT INTO `gen_table_copy1` (`table_id`, `schema_name`, `table_name`, `table_comment`, `sub_table_name`, `sub_table_fk_name`, `class_name`, `tpl_category`, `tpl_web_type`, `package_name`, `module_name`, `business_name`, `function_name`, `function_author`, `gen_type`, `gen_path`, `options`, `create_by`, `create_time`, `update_by`, `update_time`, `remark`) VALUES (46, 'adm', 'plat_info', '平台表', NULL, NULL, 'PlatInfo', 'crud', '', 'com.ruoyi.system', 'system', 'info', '平台', 'ruoyi', '0', '/', NULL, '1', '2025-03-30 18:05:19', '', NULL, NULL);
INSERT INTO `gen_table_copy1` (`table_id`, `schema_name`, `table_name`, `table_comment`, `sub_table_name`, `sub_table_fk_name`, `class_name`, `tpl_category`, `tpl_web_type`, `package_name`, `module_name`, `business_name`, `function_name`, `function_author`, `gen_type`, `gen_path`, `options`, `create_by`, `create_time`, `update_by`, `update_time`, `remark`) VALUES (47, 'adm', 'project_info', '项目信息表', NULL, NULL, 'ProjectInfo', 'crud', '', 'com.ruoyi.system', 'system', 'info', '项目信息', 'ruoyi', '0', '/', NULL, '1', '2025-03-30 18:05:20', '', NULL, NULL);
COMMIT;

-- ----------------------------
-- Table structure for sys_config
-- ----------------------------
DROP TABLE IF EXISTS `sys_config`;
CREATE TABLE `sys_config` (
  `config_id` int NOT NULL AUTO_INCREMENT COMMENT '参数主键',
  `config_name` varchar(100) COLLATE utf8mb4_general_ci DEFAULT '' COMMENT '参数名称',
  `config_key` varchar(100) COLLATE utf8mb4_general_ci DEFAULT '' COMMENT '参数键名',
  `config_value` varchar(500) COLLATE utf8mb4_general_ci DEFAULT '' COMMENT '参数键值',
  `config_type` char(1) COLLATE utf8mb4_general_ci DEFAULT 'N' COMMENT '系统内置（Y是 N否）',
  `create_by` varchar(64) COLLATE utf8mb4_general_ci DEFAULT '' COMMENT '创建者',
  `create_time` datetime DEFAULT NULL COMMENT '创建时间',
  `update_by` varchar(64) COLLATE utf8mb4_general_ci DEFAULT '' COMMENT '更新者',
  `update_time` datetime DEFAULT NULL COMMENT '更新时间',
  `remark` varchar(500) COLLATE utf8mb4_general_ci DEFAULT NULL COMMENT '备注',
  `del_flag` char(1) CHARACTER SET utf8mb4 COLLATE utf8mb4_general_ci DEFAULT '0' COMMENT '删除标志（0代表存在 2代表删除）',
  `priority` int DEFAULT NULL COMMENT '排序，越大越靠前',
  PRIMARY KEY (`config_id`)
) ENGINE=InnoDB AUTO_INCREMENT=100 DEFAULT CHARSET=utf8mb4 COLLATE=utf8mb4_general_ci COMMENT='参数配置表';

-- ----------------------------
-- Records of sys_config
-- ----------------------------
BEGIN;
INSERT INTO `sys_config` (`config_id`, `config_name`, `config_key`, `config_value`, `config_type`, `create_by`, `create_time`, `update_by`, `update_time`, `remark`, `del_flag`, `priority`) VALUES (1, '主框架页-默认皮肤样式名称', 'sys.index.skinName', 'skin-blue', 'Y', '1', '2025-03-30 16:31:34', '', NULL, '蓝色 skin-blue、绿色 skin-green、紫色 skin-purple、红色 skin-red、黄色 skin-yellow', '0', NULL);
INSERT INTO `sys_config` (`config_id`, `config_name`, `config_key`, `config_value`, `config_type`, `create_by`, `create_time`, `update_by`, `update_time`, `remark`, `del_flag`, `priority`) VALUES (2, '用户管理-账号初始密码', 'sys.user.initPassword', '123456', 'Y', '1', '2025-03-30 16:31:34', '', NULL, '初始化密码 123456', '0', NULL);
INSERT INTO `sys_config` (`config_id`, `config_name`, `config_key`, `config_value`, `config_type`, `create_by`, `create_time`, `update_by`, `update_time`, `remark`, `del_flag`, `priority`) VALUES (3, '主框架页-侧边栏主题', 'sys.index.sideTheme', 'theme-dark', 'Y', '1', '2025-03-30 16:31:34', '', NULL, '深色主题theme-dark，浅色主题theme-light', '0', NULL);
INSERT INTO `sys_config` (`config_id`, `config_name`, `config_key`, `config_value`, `config_type`, `create_by`, `create_time`, `update_by`, `update_time`, `remark`, `del_flag`, `priority`) VALUES (4, '账号自助-是否开启用户注册功能', 'sys.account.registerUser', 'false', 'Y', '1', '2025-03-30 16:31:35', '', NULL, '是否开启注册用户功能（true开启，false关闭）', '0', NULL);
INSERT INTO `sys_config` (`config_id`, `config_name`, `config_key`, `config_value`, `config_type`, `create_by`, `create_time`, `update_by`, `update_time`, `remark`, `del_flag`, `priority`) VALUES (5, '用户登录-黑名单列表', 'sys.login.blackIPList', '', 'Y', '1', '2025-03-30 16:31:35', '', NULL, '设置登录IP黑名单限制，多个匹配项以;分隔，支持匹配（*通配、网段）', '0', NULL);
COMMIT;

-- ----------------------------
-- Table structure for sys_dept
-- ----------------------------
DROP TABLE IF EXISTS `sys_dept`;
CREATE TABLE `sys_dept` (
  `dept_id` bigint NOT NULL AUTO_INCREMENT COMMENT '部门id',
  `parent_id` bigint DEFAULT '0' COMMENT '父部门id',
  `ancestors` varchar(50) COLLATE utf8mb4_general_ci DEFAULT '' COMMENT '祖级列表',
  `dept_name` varchar(30) COLLATE utf8mb4_general_ci DEFAULT '' COMMENT '部门名称',
  `order_num` int DEFAULT '0' COMMENT '显示顺序',
  `leader` varchar(20) COLLATE utf8mb4_general_ci DEFAULT NULL COMMENT '负责人',
  `phone` varchar(11) COLLATE utf8mb4_general_ci DEFAULT NULL COMMENT '联系电话',
  `email` varchar(50) COLLATE utf8mb4_general_ci DEFAULT NULL COMMENT '邮箱',
  `status` char(1) COLLATE utf8mb4_general_ci DEFAULT '0' COMMENT '部门状态（0正常 1停用）',
  `del_flag` char(1) COLLATE utf8mb4_general_ci DEFAULT '0' COMMENT '删除标志（0代表存在 2代表删除）',
  `create_by` varchar(64) COLLATE utf8mb4_general_ci DEFAULT '' COMMENT '创建者',
  `create_time` datetime DEFAULT NULL COMMENT '创建时间',
  `update_by` varchar(64) COLLATE utf8mb4_general_ci DEFAULT '' COMMENT '更新者',
  `update_time` datetime DEFAULT NULL COMMENT '更新时间',
  PRIMARY KEY (`dept_id`)
) ENGINE=InnoDB AUTO_INCREMENT=200 DEFAULT CHARSET=utf8mb4 COLLATE=utf8mb4_general_ci COMMENT='部门表';

-- ----------------------------
-- Records of sys_dept
-- ----------------------------
BEGIN;
INSERT INTO `sys_dept` (`dept_id`, `parent_id`, `ancestors`, `dept_name`, `order_num`, `leader`, `phone`, `email`, `status`, `del_flag`, `create_by`, `create_time`, `update_by`, `update_time`) VALUES (100, 0, '0', '若依科技', 0, '若依', '15888888888', 'ry@qq.com', '0', '0', '1', '2025-03-30 16:31:24', '', NULL);
INSERT INTO `sys_dept` (`dept_id`, `parent_id`, `ancestors`, `dept_name`, `order_num`, `leader`, `phone`, `email`, `status`, `del_flag`, `create_by`, `create_time`, `update_by`, `update_time`) VALUES (101, 100, '0,100', '深圳总公司', 1, '若依', '15888888888', 'ry@qq.com', '0', '0', '1', '2025-03-30 16:31:24', '', NULL);
INSERT INTO `sys_dept` (`dept_id`, `parent_id`, `ancestors`, `dept_name`, `order_num`, `leader`, `phone`, `email`, `status`, `del_flag`, `create_by`, `create_time`, `update_by`, `update_time`) VALUES (102, 100, '0,100', '长沙分公司', 2, '若依', '15888888888', 'ry@qq.com', '0', '0', '1', '2025-03-30 16:31:24', '', NULL);
INSERT INTO `sys_dept` (`dept_id`, `parent_id`, `ancestors`, `dept_name`, `order_num`, `leader`, `phone`, `email`, `status`, `del_flag`, `create_by`, `create_time`, `update_by`, `update_time`) VALUES (103, 101, '0,100,101', '研发部门', 1, '若依', '15888888888', 'ry@qq.com', '0', '0', '1', '2025-03-30 16:31:24', '', NULL);
INSERT INTO `sys_dept` (`dept_id`, `parent_id`, `ancestors`, `dept_name`, `order_num`, `leader`, `phone`, `email`, `status`, `del_flag`, `create_by`, `create_time`, `update_by`, `update_time`) VALUES (104, 101, '0,100,101', '市场部门', 2, '若依', '15888888888', 'ry@qq.com', '0', '0', '1', '2025-03-30 16:31:24', '', NULL);
INSERT INTO `sys_dept` (`dept_id`, `parent_id`, `ancestors`, `dept_name`, `order_num`, `leader`, `phone`, `email`, `status`, `del_flag`, `create_by`, `create_time`, `update_by`, `update_time`) VALUES (105, 101, '0,100,101', '测试部门', 3, '若依', '15888888888', 'ry@qq.com', '0', '0', '1', '2025-03-30 16:31:24', '', NULL);
INSERT INTO `sys_dept` (`dept_id`, `parent_id`, `ancestors`, `dept_name`, `order_num`, `leader`, `phone`, `email`, `status`, `del_flag`, `create_by`, `create_time`, `update_by`, `update_time`) VALUES (106, 101, '0,100,101', '财务部门', 4, '若依', '15888888888', 'ry@qq.com', '0', '0', '1', '2025-03-30 16:31:24', '', NULL);
INSERT INTO `sys_dept` (`dept_id`, `parent_id`, `ancestors`, `dept_name`, `order_num`, `leader`, `phone`, `email`, `status`, `del_flag`, `create_by`, `create_time`, `update_by`, `update_time`) VALUES (107, 101, '0,100,101', '运维部门', 5, '若依', '15888888888', 'ry@qq.com', '0', '0', '1', '2025-03-30 16:31:24', '', NULL);
INSERT INTO `sys_dept` (`dept_id`, `parent_id`, `ancestors`, `dept_name`, `order_num`, `leader`, `phone`, `email`, `status`, `del_flag`, `create_by`, `create_time`, `update_by`, `update_time`) VALUES (108, 102, '0,100,102', '市场部门', 1, '若依', '15888888888', 'ry@qq.com', '0', '0', '1', '2025-03-30 16:31:24', '', NULL);
INSERT INTO `sys_dept` (`dept_id`, `parent_id`, `ancestors`, `dept_name`, `order_num`, `leader`, `phone`, `email`, `status`, `del_flag`, `create_by`, `create_time`, `update_by`, `update_time`) VALUES (109, 102, '0,100,102', '财务部门', 2, '若依', '15888888888', 'ry@qq.com', '0', '0', '1', '2025-03-30 16:31:24', '', NULL);
COMMIT;

-- ----------------------------
-- Table structure for sys_dict_data
-- ----------------------------
DROP TABLE IF EXISTS `sys_dict_data`;
CREATE TABLE `sys_dict_data` (
  `dict_code` bigint NOT NULL AUTO_INCREMENT COMMENT '字典编码',
  `dict_sort` int DEFAULT '0' COMMENT '字典排序',
  `dict_label` varchar(100) COLLATE utf8mb4_general_ci DEFAULT '' COMMENT '字典标签',
  `dict_value` varchar(100) COLLATE utf8mb4_general_ci DEFAULT '' COMMENT '字典键值',
  `dict_type` varchar(100) COLLATE utf8mb4_general_ci DEFAULT '' COMMENT '字典类型',
  `css_class` varchar(100) COLLATE utf8mb4_general_ci DEFAULT NULL COMMENT '样式属性（其他样式扩展）',
  `list_class` varchar(100) COLLATE utf8mb4_general_ci DEFAULT NULL COMMENT '表格回显样式',
  `is_default` char(1) COLLATE utf8mb4_general_ci DEFAULT 'N' COMMENT '是否默认（Y是 N否）',
  `status` char(1) COLLATE utf8mb4_general_ci DEFAULT '0' COMMENT '状态（0正常 1停用）',
  `create_by` varchar(64) COLLATE utf8mb4_general_ci DEFAULT '' COMMENT '创建者',
  `create_time` datetime DEFAULT NULL COMMENT '创建时间',
  `update_by` varchar(64) COLLATE utf8mb4_general_ci DEFAULT '' COMMENT '更新者',
  `update_time` datetime DEFAULT NULL COMMENT '更新时间',
  `remark` varchar(500) COLLATE utf8mb4_general_ci DEFAULT NULL COMMENT '备注',
  `del_flag` tinyint DEFAULT '0' COMMENT '逻辑删除状态， 1 -> 已删除, 0 有效中',
  PRIMARY KEY (`dict_code`)
) ENGINE=InnoDB AUTO_INCREMENT=1907641721581776899 DEFAULT CHARSET=utf8mb4 COLLATE=utf8mb4_general_ci COMMENT='字典数据表';

-- ----------------------------
-- Records of sys_dict_data
-- ----------------------------
BEGIN;
INSERT INTO `sys_dict_data` (`dict_code`, `dict_sort`, `dict_label`, `dict_value`, `dict_type`, `css_class`, `list_class`, `is_default`, `status`, `create_by`, `create_time`, `update_by`, `update_time`, `remark`, `del_flag`) VALUES (1, 1, '男', '0', 'sys_user_sex', '', '', 'Y', '0', '1', '2025-03-30 16:31:33', '', NULL, '性别男', 0);
INSERT INTO `sys_dict_data` (`dict_code`, `dict_sort`, `dict_label`, `dict_value`, `dict_type`, `css_class`, `list_class`, `is_default`, `status`, `create_by`, `create_time`, `update_by`, `update_time`, `remark`, `del_flag`) VALUES (2, 2, '女', '1', 'sys_user_sex', '', '', 'N', '0', '1', '2025-03-30 16:31:33', '', NULL, '性别女', 0);
INSERT INTO `sys_dict_data` (`dict_code`, `dict_sort`, `dict_label`, `dict_value`, `dict_type`, `css_class`, `list_class`, `is_default`, `status`, `create_by`, `create_time`, `update_by`, `update_time`, `remark`, `del_flag`) VALUES (3, 3, '未知', '2', 'sys_user_sex', '', '', 'N', '0', '1', '2025-03-30 16:31:33', '', NULL, '性别未知', 0);
INSERT INTO `sys_dict_data` (`dict_code`, `dict_sort`, `dict_label`, `dict_value`, `dict_type`, `css_class`, `list_class`, `is_default`, `status`, `create_by`, `create_time`, `update_by`, `update_time`, `remark`, `del_flag`) VALUES (4, 1, '显示', '0', 'sys_show_hide', '', 'primary', 'Y', '0', '1', '2025-03-30 16:31:33', '', NULL, '显示菜单', 0);
INSERT INTO `sys_dict_data` (`dict_code`, `dict_sort`, `dict_label`, `dict_value`, `dict_type`, `css_class`, `list_class`, `is_default`, `status`, `create_by`, `create_time`, `update_by`, `update_time`, `remark`, `del_flag`) VALUES (5, 2, '隐藏', '1', 'sys_show_hide', '', 'danger', 'N', '0', '1', '2025-03-30 16:31:33', '', NULL, '隐藏菜单', 0);
INSERT INTO `sys_dict_data` (`dict_code`, `dict_sort`, `dict_label`, `dict_value`, `dict_type`, `css_class`, `list_class`, `is_default`, `status`, `create_by`, `create_time`, `update_by`, `update_time`, `remark`, `del_flag`) VALUES (6, 1, '正常', '0', 'sys_normal_disable', '', 'primary', 'Y', '0', '1', '2025-03-30 16:31:33', '', NULL, '正常状态', 0);
INSERT INTO `sys_dict_data` (`dict_code`, `dict_sort`, `dict_label`, `dict_value`, `dict_type`, `css_class`, `list_class`, `is_default`, `status`, `create_by`, `create_time`, `update_by`, `update_time`, `remark`, `del_flag`) VALUES (7, 2, '停用', '1', 'sys_normal_disable', '', 'danger', 'N', '0', '1', '2025-03-30 16:31:33', '', NULL, '停用状态', 0);
INSERT INTO `sys_dict_data` (`dict_code`, `dict_sort`, `dict_label`, `dict_value`, `dict_type`, `css_class`, `list_class`, `is_default`, `status`, `create_by`, `create_time`, `update_by`, `update_time`, `remark`, `del_flag`) VALUES (8, 1, '正常', '0', 'sys_job_status', '', 'primary', 'Y', '0', '1', '2025-03-30 16:31:33', '', NULL, '正常状态', 0);
INSERT INTO `sys_dict_data` (`dict_code`, `dict_sort`, `dict_label`, `dict_value`, `dict_type`, `css_class`, `list_class`, `is_default`, `status`, `create_by`, `create_time`, `update_by`, `update_time`, `remark`, `del_flag`) VALUES (9, 2, '暂停', '1', 'sys_job_status', '', 'danger', 'N', '0', '1', '2025-03-30 16:31:33', '', NULL, '停用状态', 0);
INSERT INTO `sys_dict_data` (`dict_code`, `dict_sort`, `dict_label`, `dict_value`, `dict_type`, `css_class`, `list_class`, `is_default`, `status`, `create_by`, `create_time`, `update_by`, `update_time`, `remark`, `del_flag`) VALUES (10, 1, '默认', 'DEFAULT', 'sys_job_group', '', '', 'Y', '0', '1', '2025-03-30 16:31:33', '', NULL, '默认分组', 0);
INSERT INTO `sys_dict_data` (`dict_code`, `dict_sort`, `dict_label`, `dict_value`, `dict_type`, `css_class`, `list_class`, `is_default`, `status`, `create_by`, `create_time`, `update_by`, `update_time`, `remark`, `del_flag`) VALUES (11, 2, '系统', 'SYSTEM', 'sys_job_group', '', '', 'N', '0', '1', '2025-03-30 16:31:33', '', NULL, '系统分组', 0);
INSERT INTO `sys_dict_data` (`dict_code`, `dict_sort`, `dict_label`, `dict_value`, `dict_type`, `css_class`, `list_class`, `is_default`, `status`, `create_by`, `create_time`, `update_by`, `update_time`, `remark`, `del_flag`) VALUES (12, 1, '是', 'Y', 'sys_yes_no', '', 'primary', 'Y', '0', '1', '2025-03-30 16:31:33', '', NULL, '系统默认是', 0);
INSERT INTO `sys_dict_data` (`dict_code`, `dict_sort`, `dict_label`, `dict_value`, `dict_type`, `css_class`, `list_class`, `is_default`, `status`, `create_by`, `create_time`, `update_by`, `update_time`, `remark`, `del_flag`) VALUES (13, 2, '否', 'N', 'sys_yes_no', '', 'danger', 'N', '0', '1', '2025-03-30 16:31:33', '', NULL, '系统默认否', 0);
INSERT INTO `sys_dict_data` (`dict_code`, `dict_sort`, `dict_label`, `dict_value`, `dict_type`, `css_class`, `list_class`, `is_default`, `status`, `create_by`, `create_time`, `update_by`, `update_time`, `remark`, `del_flag`) VALUES (14, 1, '通知', '1', 'sys_notice_type', '', 'warning', 'Y', '0', '1', '2025-03-30 16:31:33', '', NULL, '通知', 0);
INSERT INTO `sys_dict_data` (`dict_code`, `dict_sort`, `dict_label`, `dict_value`, `dict_type`, `css_class`, `list_class`, `is_default`, `status`, `create_by`, `create_time`, `update_by`, `update_time`, `remark`, `del_flag`) VALUES (15, 2, '公告', '2', 'sys_notice_type', '', 'success', 'N', '0', '1', '2025-03-30 16:31:34', '', NULL, '公告', 0);
INSERT INTO `sys_dict_data` (`dict_code`, `dict_sort`, `dict_label`, `dict_value`, `dict_type`, `css_class`, `list_class`, `is_default`, `status`, `create_by`, `create_time`, `update_by`, `update_time`, `remark`, `del_flag`) VALUES (16, 1, '正常', '0', 'sys_notice_status', '', 'primary', 'Y', '0', '1', '2025-03-30 16:31:34', '', NULL, '正常状态', 0);
INSERT INTO `sys_dict_data` (`dict_code`, `dict_sort`, `dict_label`, `dict_value`, `dict_type`, `css_class`, `list_class`, `is_default`, `status`, `create_by`, `create_time`, `update_by`, `update_time`, `remark`, `del_flag`) VALUES (17, 2, '关闭', '1', 'sys_notice_status', '', 'danger', 'N', '0', '1', '2025-03-30 16:31:34', '', NULL, '关闭状态', 0);
INSERT INTO `sys_dict_data` (`dict_code`, `dict_sort`, `dict_label`, `dict_value`, `dict_type`, `css_class`, `list_class`, `is_default`, `status`, `create_by`, `create_time`, `update_by`, `update_time`, `remark`, `del_flag`) VALUES (18, 99, '其他', '0', 'sys_oper_type', '', 'info', 'N', '0', '1', '2025-03-30 16:31:34', '', NULL, '其他操作', 0);
INSERT INTO `sys_dict_data` (`dict_code`, `dict_sort`, `dict_label`, `dict_value`, `dict_type`, `css_class`, `list_class`, `is_default`, `status`, `create_by`, `create_time`, `update_by`, `update_time`, `remark`, `del_flag`) VALUES (19, 1, '新增', '1', 'sys_oper_type', '', 'info', 'N', '0', '1', '2025-03-30 16:31:34', '', NULL, '新增操作', 0);
INSERT INTO `sys_dict_data` (`dict_code`, `dict_sort`, `dict_label`, `dict_value`, `dict_type`, `css_class`, `list_class`, `is_default`, `status`, `create_by`, `create_time`, `update_by`, `update_time`, `remark`, `del_flag`) VALUES (20, 2, '修改', '2', 'sys_oper_type', '', 'info', 'N', '0', '1', '2025-03-30 16:31:34', '', NULL, '修改操作', 0);
INSERT INTO `sys_dict_data` (`dict_code`, `dict_sort`, `dict_label`, `dict_value`, `dict_type`, `css_class`, `list_class`, `is_default`, `status`, `create_by`, `create_time`, `update_by`, `update_time`, `remark`, `del_flag`) VALUES (21, 3, '删除', '3', 'sys_oper_type', '', 'danger', 'N', '0', '1', '2025-03-30 16:31:34', '', NULL, '删除操作', 0);
INSERT INTO `sys_dict_data` (`dict_code`, `dict_sort`, `dict_label`, `dict_value`, `dict_type`, `css_class`, `list_class`, `is_default`, `status`, `create_by`, `create_time`, `update_by`, `update_time`, `remark`, `del_flag`) VALUES (22, 4, '授权', '4', 'sys_oper_type', '', 'primary', 'N', '0', '1', '2025-03-30 16:31:34', '', NULL, '授权操作', 0);
INSERT INTO `sys_dict_data` (`dict_code`, `dict_sort`, `dict_label`, `dict_value`, `dict_type`, `css_class`, `list_class`, `is_default`, `status`, `create_by`, `create_time`, `update_by`, `update_time`, `remark`, `del_flag`) VALUES (23, 5, '导出', '5', 'sys_oper_type', '', 'warning', 'N', '0', '1', '2025-03-30 16:31:34', '', NULL, '导出操作', 0);
INSERT INTO `sys_dict_data` (`dict_code`, `dict_sort`, `dict_label`, `dict_value`, `dict_type`, `css_class`, `list_class`, `is_default`, `status`, `create_by`, `create_time`, `update_by`, `update_time`, `remark`, `del_flag`) VALUES (24, 6, '导入', '6', 'sys_oper_type', '', 'warning', 'N', '0', '1', '2025-03-30 16:31:34', '', NULL, '导入操作', 0);
INSERT INTO `sys_dict_data` (`dict_code`, `dict_sort`, `dict_label`, `dict_value`, `dict_type`, `css_class`, `list_class`, `is_default`, `status`, `create_by`, `create_time`, `update_by`, `update_time`, `remark`, `del_flag`) VALUES (25, 7, '强退', '7', 'sys_oper_type', '', 'danger', 'N', '0', '1', '2025-03-30 16:31:34', '', NULL, '强退操作', 0);
INSERT INTO `sys_dict_data` (`dict_code`, `dict_sort`, `dict_label`, `dict_value`, `dict_type`, `css_class`, `list_class`, `is_default`, `status`, `create_by`, `create_time`, `update_by`, `update_time`, `remark`, `del_flag`) VALUES (26, 8, '生成代码', '8', 'sys_oper_type', '', 'warning', 'N', '0', '1', '2025-03-30 16:31:34', '', NULL, '生成操作', 0);
INSERT INTO `sys_dict_data` (`dict_code`, `dict_sort`, `dict_label`, `dict_value`, `dict_type`, `css_class`, `list_class`, `is_default`, `status`, `create_by`, `create_time`, `update_by`, `update_time`, `remark`, `del_flag`) VALUES (27, 9, '清空数据', '9', 'sys_oper_type', '', 'danger', 'N', '0', '1', '2025-03-30 16:31:34', '', NULL, '清空操作', 0);
INSERT INTO `sys_dict_data` (`dict_code`, `dict_sort`, `dict_label`, `dict_value`, `dict_type`, `css_class`, `list_class`, `is_default`, `status`, `create_by`, `create_time`, `update_by`, `update_time`, `remark`, `del_flag`) VALUES (28, 1, '成功', '0', 'sys_common_status', '', 'primary', 'N', '0', '1', '2025-03-30 16:31:34', '', NULL, '正常状态', 0);
INSERT INTO `sys_dict_data` (`dict_code`, `dict_sort`, `dict_label`, `dict_value`, `dict_type`, `css_class`, `list_class`, `is_default`, `status`, `create_by`, `create_time`, `update_by`, `update_time`, `remark`, `del_flag`) VALUES (29, 2, '失败', '1', 'sys_common_status', '', 'danger', 'N', '0', '1', '2025-03-30 16:31:34', '', NULL, '停用状态', 0);
INSERT INTO `sys_dict_data` (`dict_code`, `dict_sort`, `dict_label`, `dict_value`, `dict_type`, `css_class`, `list_class`, `is_default`, `status`, `create_by`, `create_time`, `update_by`, `update_time`, `remark`, `del_flag`) VALUES (1907640601467727873, 1, '印度', '1', 'project_area', NULL, 'default', 'N', '0', '1', '2025-04-03 11:45:36', NULL, '2025-04-03 11:48:33', NULL, 0);
INSERT INTO `sys_dict_data` (`dict_code`, `dict_sort`, `dict_label`, `dict_value`, `dict_type`, `css_class`, `list_class`, `is_default`, `status`, `create_by`, `create_time`, `update_by`, `update_time`, `remark`, `del_flag`) VALUES (1907640628583903233, 2, '巴西', '3', 'project_area', NULL, 'default', 'N', '0', '1', '2025-04-03 11:45:43', NULL, '2025-04-03 11:48:37', NULL, 0);
INSERT INTO `sys_dict_data` (`dict_code`, `dict_sort`, `dict_label`, `dict_value`, `dict_type`, `css_class`, `list_class`, `is_default`, `status`, `create_by`, `create_time`, `update_by`, `update_time`, `remark`, `del_flag`) VALUES (1907640683055329282, 5, '印尼', '4', 'project_area', NULL, 'default', 'N', '0', '1', '2025-04-03 11:45:56', NULL, '2025-04-03 11:49:00', NULL, 0);
INSERT INTO `sys_dict_data` (`dict_code`, `dict_sort`, `dict_label`, `dict_value`, `dict_type`, `css_class`, `list_class`, `is_default`, `status`, `create_by`, `create_time`, `update_by`, `update_time`, `remark`, `del_flag`) VALUES (1907640774902198274, 4, '缅甸', '2', 'project_area', '', 'default', 'N', '0', '1', '2025-04-03 11:46:18', NULL, '2025-04-03 11:49:04', NULL, 0);
INSERT INTO `sys_dict_data` (`dict_code`, `dict_sort`, `dict_label`, `dict_value`, `dict_type`, `css_class`, `list_class`, `is_default`, `status`, `create_by`, `create_time`, `update_by`, `update_time`, `remark`, `del_flag`) VALUES (1907641314197417985, 3, '巴基斯坦', '5', 'project_area', NULL, 'default', 'N', '0', '1', '2025-04-03 11:48:26', NULL, '2025-04-03 11:48:52', NULL, 0);
INSERT INTO `sys_dict_data` (`dict_code`, `dict_sort`, `dict_label`, `dict_value`, `dict_type`, `css_class`, `list_class`, `is_default`, `status`, `create_by`, `create_time`, `update_by`, `update_time`, `remark`, `del_flag`) VALUES (1907641565578833921, 1, 'Facebook', 'fb', 'project_plat', NULL, 'default', 'N', '0', '1', '2025-04-03 11:49:26', '', NULL, NULL, 0);
INSERT INTO `sys_dict_data` (`dict_code`, `dict_sort`, `dict_label`, `dict_value`, `dict_type`, `css_class`, `list_class`, `is_default`, `status`, `create_by`, `create_time`, `update_by`, `update_time`, `remark`, `del_flag`) VALUES (1907641721581776898, 2, 'Tiktok', 'tk', 'project_plat', NULL, 'default', 'N', '0', '1', '2025-04-03 11:50:03', '', NULL, NULL, 0);
COMMIT;

-- ----------------------------
-- Table structure for sys_dict_type
-- ----------------------------
DROP TABLE IF EXISTS `sys_dict_type`;
CREATE TABLE `sys_dict_type` (
  `dict_id` bigint NOT NULL AUTO_INCREMENT COMMENT '字典主键',
  `dict_name` varchar(100) COLLATE utf8mb4_general_ci DEFAULT '' COMMENT '字典名称',
  `dict_type` varchar(100) COLLATE utf8mb4_general_ci DEFAULT '' COMMENT '字典类型',
  `status` char(1) COLLATE utf8mb4_general_ci DEFAULT '0' COMMENT '状态（0正常 1停用）',
  `create_by` varchar(64) COLLATE utf8mb4_general_ci DEFAULT '' COMMENT '创建者',
  `create_time` datetime DEFAULT NULL COMMENT '创建时间',
  `update_by` varchar(64) COLLATE utf8mb4_general_ci DEFAULT '' COMMENT '更新者',
  `update_time` datetime DEFAULT NULL COMMENT '更新时间',
  `remark` varchar(500) COLLATE utf8mb4_general_ci DEFAULT NULL COMMENT '备注',
  `del_flag` tinyint DEFAULT '0' COMMENT '逻辑删除状态， 1 -> 已删除, 0 有效中',
  PRIMARY KEY (`dict_id`),
  UNIQUE KEY `dict_type` (`dict_type`)
) ENGINE=InnoDB AUTO_INCREMENT=1907638694955233283 DEFAULT CHARSET=utf8mb4 COLLATE=utf8mb4_general_ci COMMENT='字典类型表';

-- ----------------------------
-- Records of sys_dict_type
-- ----------------------------
BEGIN;
INSERT INTO `sys_dict_type` (`dict_id`, `dict_name`, `dict_type`, `status`, `create_by`, `create_time`, `update_by`, `update_time`, `remark`, `del_flag`) VALUES (1, '用户性别', 'sys_user_sex', '0', '1', '2025-03-30 16:31:33', '', NULL, '用户性别列表', 0);
INSERT INTO `sys_dict_type` (`dict_id`, `dict_name`, `dict_type`, `status`, `create_by`, `create_time`, `update_by`, `update_time`, `remark`, `del_flag`) VALUES (2, '菜单状态', 'sys_show_hide', '0', '1', '2025-03-30 16:31:33', '', NULL, '菜单状态列表', 0);
INSERT INTO `sys_dict_type` (`dict_id`, `dict_name`, `dict_type`, `status`, `create_by`, `create_time`, `update_by`, `update_time`, `remark`, `del_flag`) VALUES (3, '系统开关', 'sys_normal_disable', '0', '1', '2025-03-30 16:31:33', '', NULL, '系统开关列表', 0);
INSERT INTO `sys_dict_type` (`dict_id`, `dict_name`, `dict_type`, `status`, `create_by`, `create_time`, `update_by`, `update_time`, `remark`, `del_flag`) VALUES (4, '任务状态', 'sys_job_status', '0', '1', '2025-03-30 16:31:33', '', NULL, '任务状态列表', 0);
INSERT INTO `sys_dict_type` (`dict_id`, `dict_name`, `dict_type`, `status`, `create_by`, `create_time`, `update_by`, `update_time`, `remark`, `del_flag`) VALUES (5, '任务分组', 'sys_job_group', '0', '1', '2025-03-30 16:31:33', '', NULL, '任务分组列表', 0);
INSERT INTO `sys_dict_type` (`dict_id`, `dict_name`, `dict_type`, `status`, `create_by`, `create_time`, `update_by`, `update_time`, `remark`, `del_flag`) VALUES (6, '系统是否', 'sys_yes_no', '0', '1', '2025-03-30 16:31:33', '', NULL, '系统是否列表', 0);
INSERT INTO `sys_dict_type` (`dict_id`, `dict_name`, `dict_type`, `status`, `create_by`, `create_time`, `update_by`, `update_time`, `remark`, `del_flag`) VALUES (7, '通知类型', 'sys_notice_type', '0', '1', '2025-03-30 16:31:33', '', NULL, '通知类型列表', 0);
INSERT INTO `sys_dict_type` (`dict_id`, `dict_name`, `dict_type`, `status`, `create_by`, `create_time`, `update_by`, `update_time`, `remark`, `del_flag`) VALUES (8, '通知状态', 'sys_notice_status', '0', '1', '2025-03-30 16:31:33', '', NULL, '通知状态列表', 0);
INSERT INTO `sys_dict_type` (`dict_id`, `dict_name`, `dict_type`, `status`, `create_by`, `create_time`, `update_by`, `update_time`, `remark`, `del_flag`) VALUES (9, '操作类型', 'sys_oper_type', '0', '1', '2025-03-30 16:31:33', '', NULL, '操作类型列表', 0);
INSERT INTO `sys_dict_type` (`dict_id`, `dict_name`, `dict_type`, `status`, `create_by`, `create_time`, `update_by`, `update_time`, `remark`, `del_flag`) VALUES (10, '系统状态', 'sys_common_status', '0', '1', '2025-03-30 16:31:33', '', NULL, '登录状态列表', 0);
INSERT INTO `sys_dict_type` (`dict_id`, `dict_name`, `dict_type`, `status`, `create_by`, `create_time`, `update_by`, `update_time`, `remark`, `del_flag`) VALUES (1907638625795354625, '广告平台', 'project_plat', '0', '1', '2025-04-03 11:37:45', '', NULL, NULL, 0);
INSERT INTO `sys_dict_type` (`dict_id`, `dict_name`, `dict_type`, `status`, `create_by`, `create_time`, `update_by`, `update_time`, `remark`, `del_flag`) VALUES (1907638694955233282, '项目地区', 'project_area', '0', '1', '2025-04-03 11:38:02', '', NULL, NULL, 0);
COMMIT;

-- ----------------------------
-- Table structure for sys_job
-- ----------------------------
DROP TABLE IF EXISTS `sys_job`;
CREATE TABLE `sys_job` (
  `job_id` bigint NOT NULL AUTO_INCREMENT COMMENT '任务ID',
  `job_name` varchar(64) COLLATE utf8mb4_general_ci NOT NULL DEFAULT '' COMMENT '任务名称',
  `job_group` varchar(64) COLLATE utf8mb4_general_ci NOT NULL DEFAULT 'DEFAULT' COMMENT '任务组名',
  `invoke_target` varchar(500) COLLATE utf8mb4_general_ci NOT NULL COMMENT '调用目标字符串',
  `cron_expression` varchar(255) COLLATE utf8mb4_general_ci DEFAULT '' COMMENT 'cron执行表达式',
  `misfire_policy` varchar(20) COLLATE utf8mb4_general_ci DEFAULT '3' COMMENT '计划执行错误策略（1立即执行 2执行一次 3放弃执行）',
  `concurrent` char(1) COLLATE utf8mb4_general_ci DEFAULT '1' COMMENT '是否并发执行（0允许 1禁止）',
  `status` char(1) COLLATE utf8mb4_general_ci DEFAULT '0' COMMENT '状态（0正常 1暂停）',
  `create_by` varchar(64) COLLATE utf8mb4_general_ci DEFAULT '' COMMENT '创建者',
  `create_time` datetime DEFAULT NULL COMMENT '创建时间',
  `update_by` varchar(64) COLLATE utf8mb4_general_ci DEFAULT '' COMMENT '更新者',
  `update_time` datetime DEFAULT NULL COMMENT '更新时间',
  `remark` varchar(500) COLLATE utf8mb4_general_ci DEFAULT '' COMMENT '备注信息',
  PRIMARY KEY (`job_id`,`job_name`,`job_group`)
) ENGINE=InnoDB AUTO_INCREMENT=100 DEFAULT CHARSET=utf8mb4 COLLATE=utf8mb4_general_ci COMMENT='定时任务调度表';

-- ----------------------------
-- Records of sys_job
-- ----------------------------
BEGIN;
INSERT INTO `sys_job` (`job_id`, `job_name`, `job_group`, `invoke_target`, `cron_expression`, `misfire_policy`, `concurrent`, `status`, `create_by`, `create_time`, `update_by`, `update_time`, `remark`) VALUES (1, '系统默认（无参）', 'DEFAULT', 'ryTask.ryNoParams', '0/10 * * * * ?', '3', '1', '1', '1', '2025-03-30 16:31:35', '', NULL, '');
INSERT INTO `sys_job` (`job_id`, `job_name`, `job_group`, `invoke_target`, `cron_expression`, `misfire_policy`, `concurrent`, `status`, `create_by`, `create_time`, `update_by`, `update_time`, `remark`) VALUES (2, '系统默认（有参）', 'DEFAULT', 'ryTask.ryParams(\'ry\')', '0/15 * * * * ?', '3', '1', '1', '1', '2025-03-30 16:31:35', '', NULL, '');
INSERT INTO `sys_job` (`job_id`, `job_name`, `job_group`, `invoke_target`, `cron_expression`, `misfire_policy`, `concurrent`, `status`, `create_by`, `create_time`, `update_by`, `update_time`, `remark`) VALUES (3, '系统默认（多参）', 'DEFAULT', 'ryTask.ryMultipleParams(\'ry\', true, 2000L, 316.50D, 100)', '0/20 * * * * ?', '3', '1', '1', '1', '2025-03-30 16:31:35', '', NULL, '');
COMMIT;

-- ----------------------------
-- Table structure for sys_job_log
-- ----------------------------
DROP TABLE IF EXISTS `sys_job_log`;
CREATE TABLE `sys_job_log` (
  `job_log_id` bigint NOT NULL AUTO_INCREMENT COMMENT '任务日志ID',
  `job_name` varchar(64) COLLATE utf8mb4_general_ci NOT NULL COMMENT '任务名称',
  `job_group` varchar(64) COLLATE utf8mb4_general_ci NOT NULL COMMENT '任务组名',
  `invoke_target` varchar(500) COLLATE utf8mb4_general_ci NOT NULL COMMENT '调用目标字符串',
  `job_message` varchar(500) COLLATE utf8mb4_general_ci DEFAULT NULL COMMENT '日志信息',
  `status` char(1) COLLATE utf8mb4_general_ci DEFAULT '0' COMMENT '执行状态（0正常 1失败）',
  `exception_info` varchar(2000) COLLATE utf8mb4_general_ci DEFAULT '' COMMENT '异常信息',
  `create_time` datetime DEFAULT NULL COMMENT '创建时间',
  PRIMARY KEY (`job_log_id`)
) ENGINE=InnoDB DEFAULT CHARSET=utf8mb4 COLLATE=utf8mb4_general_ci COMMENT='定时任务调度日志表';

-- ----------------------------
-- Records of sys_job_log
-- ----------------------------
BEGIN;
COMMIT;

-- ----------------------------
-- Table structure for sys_logininfor
-- ----------------------------
DROP TABLE IF EXISTS `sys_logininfor`;
CREATE TABLE `sys_logininfor` (
  `info_id` bigint NOT NULL AUTO_INCREMENT COMMENT '访问ID',
  `user_name` varchar(50) COLLATE utf8mb4_general_ci DEFAULT '' COMMENT '用户账号',
  `ipaddr` varchar(128) COLLATE utf8mb4_general_ci DEFAULT '' COMMENT '登录IP地址',
  `status` char(1) COLLATE utf8mb4_general_ci DEFAULT '0' COMMENT '登录状态（0成功 1失败）',
  `msg` varchar(255) COLLATE utf8mb4_general_ci DEFAULT '' COMMENT '提示信息',
  `access_time` datetime DEFAULT NULL COMMENT '访问时间',
  PRIMARY KEY (`info_id`),
  KEY `idx_sys_logininfor_s` (`status`),
  KEY `idx_sys_logininfor_lt` (`access_time`)
) ENGINE=InnoDB AUTO_INCREMENT=1912133872168546307 DEFAULT CHARSET=utf8mb4 COLLATE=utf8mb4_general_ci COMMENT='系统访问记录';

-- ----------------------------
-- Records of sys_logininfor
-- ----------------------------
BEGIN;
INSERT INTO `sys_logininfor` (`info_id`, `user_name`, `ipaddr`, `status`, `msg`, `access_time`) VALUES (100, 'admin', '127.0.0.1', '0', '登录成功', '2025-03-30 17:11:49');
INSERT INTO `sys_logininfor` (`info_id`, `user_name`, `ipaddr`, `status`, `msg`, `access_time`) VALUES (101, 'admin', '127.0.0.1', '0', '退出成功', '2025-03-30 17:19:25');
INSERT INTO `sys_logininfor` (`info_id`, `user_name`, `ipaddr`, `status`, `msg`, `access_time`) VALUES (102, 'admin', '127.0.0.1', '0', '登录成功', '2025-03-30 17:20:11');
INSERT INTO `sys_logininfor` (`info_id`, `user_name`, `ipaddr`, `status`, `msg`, `access_time`) VALUES (103, 'admin', '127.0.0.1', '0', '退出成功', '2025-03-30 17:34:37');
INSERT INTO `sys_logininfor` (`info_id`, `user_name`, `ipaddr`, `status`, `msg`, `access_time`) VALUES (104, 'admin', '127.0.0.1', '0', '登录成功', '2025-03-30 17:35:56');
INSERT INTO `sys_logininfor` (`info_id`, `user_name`, `ipaddr`, `status`, `msg`, `access_time`) VALUES (105, 'admin', '127.0.0.1', '0', '退出成功', '2025-03-30 17:52:48');
INSERT INTO `sys_logininfor` (`info_id`, `user_name`, `ipaddr`, `status`, `msg`, `access_time`) VALUES (106, 'admin', '127.0.0.1', '0', '退出成功', '2025-03-30 17:52:53');
INSERT INTO `sys_logininfor` (`info_id`, `user_name`, `ipaddr`, `status`, `msg`, `access_time`) VALUES (107, 'admin', '127.0.0.1', '0', '登录成功', '2025-03-30 17:52:56');
INSERT INTO `sys_logininfor` (`info_id`, `user_name`, `ipaddr`, `status`, `msg`, `access_time`) VALUES (108, 'admin', '127.0.0.1', '0', '退出成功', '2025-03-30 18:48:56');
INSERT INTO `sys_logininfor` (`info_id`, `user_name`, `ipaddr`, `status`, `msg`, `access_time`) VALUES (109, 'admin', '127.0.0.1', '0', '登录成功', '2025-03-30 18:49:03');
INSERT INTO `sys_logininfor` (`info_id`, `user_name`, `ipaddr`, `status`, `msg`, `access_time`) VALUES (110, 'admin', '127.0.0.1', '0', '退出成功', '2025-03-30 18:49:13');
INSERT INTO `sys_logininfor` (`info_id`, `user_name`, `ipaddr`, `status`, `msg`, `access_time`) VALUES (111, 'admin', '127.0.0.1', '0', '登录成功', '2025-03-30 18:49:30');
INSERT INTO `sys_logininfor` (`info_id`, `user_name`, `ipaddr`, `status`, `msg`, `access_time`) VALUES (1906963516038316033, 'admin', '127.0.0.1', '0', '登录成功', NULL);
INSERT INTO `sys_logininfor` (`info_id`, `user_name`, `ipaddr`, `status`, `msg`, `access_time`) VALUES (1906963523613229058, 'admin', '127.0.0.1', '0', '退出成功', NULL);
INSERT INTO `sys_logininfor` (`info_id`, `user_name`, `ipaddr`, `status`, `msg`, `access_time`) VALUES (1906963797589360642, 'admin', '127.0.0.1', '0', '登录成功', NULL);
INSERT INTO `sys_logininfor` (`info_id`, `user_name`, `ipaddr`, `status`, `msg`, `access_time`) VALUES (1906968247569743873, 'admin', '127.0.0.1', '0', '退出成功', NULL);
INSERT INTO `sys_logininfor` (`info_id`, `user_name`, `ipaddr`, `status`, `msg`, `access_time`) VALUES (1906968267945672705, 'admin', '127.0.0.1', '0', '登录成功', NULL);
INSERT INTO `sys_logininfor` (`info_id`, `user_name`, `ipaddr`, `status`, `msg`, `access_time`) VALUES (1906968311746789377, 'admin', '127.0.0.1', '0', '退出成功', NULL);
INSERT INTO `sys_logininfor` (`info_id`, `user_name`, `ipaddr`, `status`, `msg`, `access_time`) VALUES (1906968365802979329, 'admin', '127.0.0.1', '0', '登录成功', NULL);
INSERT INTO `sys_logininfor` (`info_id`, `user_name`, `ipaddr`, `status`, `msg`, `access_time`) VALUES (1906992398686818306, 'admin', '127.0.0.1', '0', '退出成功', NULL);
INSERT INTO `sys_logininfor` (`info_id`, `user_name`, `ipaddr`, `status`, `msg`, `access_time`) VALUES (1906992517104603137, 'admin', '127.0.0.1', '0', '退出成功', NULL);
INSERT INTO `sys_logininfor` (`info_id`, `user_name`, `ipaddr`, `status`, `msg`, `access_time`) VALUES (1906992538457804802, 'admin', '127.0.0.1', '0', '登录成功', NULL);
INSERT INTO `sys_logininfor` (`info_id`, `user_name`, `ipaddr`, `status`, `msg`, `access_time`) VALUES (1906995892898566145, 'admin', '127.0.0.1', '0', '退出成功', NULL);
INSERT INTO `sys_logininfor` (`info_id`, `user_name`, `ipaddr`, `status`, `msg`, `access_time`) VALUES (1906995937135890433, 'admin', '127.0.0.1', '0', '登录成功', NULL);
INSERT INTO `sys_logininfor` (`info_id`, `user_name`, `ipaddr`, `status`, `msg`, `access_time`) VALUES (1907027239692210178, 'admin', '127.0.0.1', '0', '退出成功', '2025-04-01 11:08:19');
INSERT INTO `sys_logininfor` (`info_id`, `user_name`, `ipaddr`, `status`, `msg`, `access_time`) VALUES (1907027437252317186, 'admin', '127.0.0.1', '0', '登录成功', '2025-04-01 11:09:06');
INSERT INTO `sys_logininfor` (`info_id`, `user_name`, `ipaddr`, `status`, `msg`, `access_time`) VALUES (1907027481535778818, 'admin', '127.0.0.1', '0', '退出成功', '2025-04-01 11:09:17');
INSERT INTO `sys_logininfor` (`info_id`, `user_name`, `ipaddr`, `status`, `msg`, `access_time`) VALUES (1907027717540876290, 'admin', '127.0.0.1', '0', '登录成功', '2025-04-01 11:10:13');
INSERT INTO `sys_logininfor` (`info_id`, `user_name`, `ipaddr`, `status`, `msg`, `access_time`) VALUES (1907261975702274049, 'admin', '127.0.0.1', '0', '登录成功', '2025-04-02 02:41:04');
INSERT INTO `sys_logininfor` (`info_id`, `user_name`, `ipaddr`, `status`, `msg`, `access_time`) VALUES (1907329993153249281, 'admin', '127.0.0.1', '0', '退出成功', '2025-04-02 07:11:20');
INSERT INTO `sys_logininfor` (`info_id`, `user_name`, `ipaddr`, `status`, `msg`, `access_time`) VALUES (1907330044009185282, 'admin', '127.0.0.1', '0', '登录成功', '2025-04-02 07:11:33');
INSERT INTO `sys_logininfor` (`info_id`, `user_name`, `ipaddr`, `status`, `msg`, `access_time`) VALUES (1907371293424553986, 'admin', '127.0.0.1', '0', '退出成功', '2025-04-02 09:55:27');
INSERT INTO `sys_logininfor` (`info_id`, `user_name`, `ipaddr`, `status`, `msg`, `access_time`) VALUES (1907371311481032705, 'admin', '127.0.0.1', '0', '退出成功', '2025-04-02 09:55:32');
INSERT INTO `sys_logininfor` (`info_id`, `user_name`, `ipaddr`, `status`, `msg`, `access_time`) VALUES (1907371517832400898, 'admin', '127.0.0.1', '0', '登录成功', '2025-04-02 09:56:21');
INSERT INTO `sys_logininfor` (`info_id`, `user_name`, `ipaddr`, `status`, `msg`, `access_time`) VALUES (1907627118848192514, 'admin', '127.0.0.1', '0', '退出成功', '2025-04-03 02:52:01');
INSERT INTO `sys_logininfor` (`info_id`, `user_name`, `ipaddr`, `status`, `msg`, `access_time`) VALUES (1907627162263433217, 'admin', '127.0.0.1', '0', '登录成功', '2025-04-03 02:52:12');
INSERT INTO `sys_logininfor` (`info_id`, `user_name`, `ipaddr`, `status`, `msg`, `access_time`) VALUES (1907638347415203842, 'admin', '127.0.0.1', '0', '退出成功', '2025-04-03 03:36:38');
INSERT INTO `sys_logininfor` (`info_id`, `user_name`, `ipaddr`, `status`, `msg`, `access_time`) VALUES (1907638457775730689, 'admin', '127.0.0.1', '0', '登录成功', '2025-04-03 03:37:05');
INSERT INTO `sys_logininfor` (`info_id`, `user_name`, `ipaddr`, `status`, `msg`, `access_time`) VALUES (1910946528291794946, 'admin', '127.0.0.1', '0', '退出成功', '2025-04-12 06:42:10');
INSERT INTO `sys_logininfor` (`info_id`, `user_name`, `ipaddr`, `status`, `msg`, `access_time`) VALUES (1910946577742639105, 'admin', '127.0.0.1', '0', '登录成功', '2025-04-12 06:42:22');
INSERT INTO `sys_logininfor` (`info_id`, `user_name`, `ipaddr`, `status`, `msg`, `access_time`) VALUES (1910948107929595905, 'admin', '127.0.0.1', '0', '退出成功', '2025-04-12 06:48:27');
INSERT INTO `sys_logininfor` (`info_id`, `user_name`, `ipaddr`, `status`, `msg`, `access_time`) VALUES (1910948134370488321, 'admin', '127.0.0.1', '0', '登录成功', '2025-04-12 06:48:33');
INSERT INTO `sys_logininfor` (`info_id`, `user_name`, `ipaddr`, `status`, `msg`, `access_time`) VALUES (1910977115719282690, 'admin', '127.0.0.1', '0', '退出成功', '2025-04-12 08:43:42');
INSERT INTO `sys_logininfor` (`info_id`, `user_name`, `ipaddr`, `status`, `msg`, `access_time`) VALUES (1910977176238895106, 'admin', '127.0.0.1', '0', '登录成功', '2025-04-12 08:43:57');
INSERT INTO `sys_logininfor` (`info_id`, `user_name`, `ipaddr`, `status`, `msg`, `access_time`) VALUES (1910977220836929538, 'admin', '127.0.0.1', '0', '退出成功', '2025-04-12 08:44:08');
INSERT INTO `sys_logininfor` (`info_id`, `user_name`, `ipaddr`, `status`, `msg`, `access_time`) VALUES (1910977335605669890, 'admin', '127.0.0.1', '0', '登录成功', '2025-04-12 08:44:35');
INSERT INTO `sys_logininfor` (`info_id`, `user_name`, `ipaddr`, `status`, `msg`, `access_time`) VALUES (1910983275444776962, 'admin', '127.0.0.1', '0', '登录成功', '2025-04-12 09:08:11');
INSERT INTO `sys_logininfor` (`info_id`, `user_name`, `ipaddr`, `status`, `msg`, `access_time`) VALUES (1910983275465748482, 'admin', '127.0.0.1', '0', '登录成功', '2025-04-12 09:08:11');
INSERT INTO `sys_logininfor` (`info_id`, `user_name`, `ipaddr`, `status`, `msg`, `access_time`) VALUES (1910990487856689153, 'landingAdmin', '127.0.0.1', '0', '登录成功', '2025-04-12 09:36:51');
INSERT INTO `sys_logininfor` (`info_id`, `user_name`, `ipaddr`, `status`, `msg`, `access_time`) VALUES (1910994382188285954, 'landingAdmin', '127.0.0.1', '0', '退出成功', '2025-04-12 09:52:19');
INSERT INTO `sys_logininfor` (`info_id`, `user_name`, `ipaddr`, `status`, `msg`, `access_time`) VALUES (1910994407886786562, 'admin', '127.0.0.1', '0', '登录成功', '2025-04-12 09:52:26');
INSERT INTO `sys_logininfor` (`info_id`, `user_name`, `ipaddr`, `status`, `msg`, `access_time`) VALUES (1910994441164394498, 'admin', '127.0.0.1', '0', '退出成功', '2025-04-12 09:52:33');
INSERT INTO `sys_logininfor` (`info_id`, `user_name`, `ipaddr`, `status`, `msg`, `access_time`) VALUES (1910994522290622466, 'landingAdmin', '127.0.0.1', '0', '登录成功', '2025-04-12 09:52:53');
INSERT INTO `sys_logininfor` (`info_id`, `user_name`, `ipaddr`, `status`, `msg`, `access_time`) VALUES (1910995040211611650, 'landingAdmin', '127.0.0.1', '0', '退出成功', '2025-04-12 09:54:56');
INSERT INTO `sys_logininfor` (`info_id`, `user_name`, `ipaddr`, `status`, `msg`, `access_time`) VALUES (1910995139637587970, 'landingAdmin', '127.0.0.1', '0', '登录成功', '2025-04-12 09:55:20');
INSERT INTO `sys_logininfor` (`info_id`, `user_name`, `ipaddr`, `status`, `msg`, `access_time`) VALUES (1910995642266202114, 'landingAdmin', '127.0.0.1', '0', '退出成功', '2025-04-12 09:57:20');
INSERT INTO `sys_logininfor` (`info_id`, `user_name`, `ipaddr`, `status`, `msg`, `access_time`) VALUES (1910995663111892993, 'admin', '127.0.0.1', '0', '登录成功', '2025-04-12 09:57:25');
INSERT INTO `sys_logininfor` (`info_id`, `user_name`, `ipaddr`, `status`, `msg`, `access_time`) VALUES (1910996122048442370, 'admin', '127.0.0.1', '0', '退出成功', '2025-04-12 09:59:14');
INSERT INTO `sys_logininfor` (`info_id`, `user_name`, `ipaddr`, `status`, `msg`, `access_time`) VALUES (1910996178214367234, 'landingAdmin', '127.0.0.1', '0', '登录成功', '2025-04-12 09:59:28');
INSERT INTO `sys_logininfor` (`info_id`, `user_name`, `ipaddr`, `status`, `msg`, `access_time`) VALUES (1910997185723936770, 'landingAdmin', '127.0.0.1', '0', '退出成功', '2025-04-12 10:03:28');
INSERT INTO `sys_logininfor` (`info_id`, `user_name`, `ipaddr`, `status`, `msg`, `access_time`) VALUES (1910997660351377410, 'landingAdmin', '127.0.0.1', '0', '登录成功', '2025-04-12 10:05:21');
INSERT INTO `sys_logininfor` (`info_id`, `user_name`, `ipaddr`, `status`, `msg`, `access_time`) VALUES (1910997704689364994, 'landingAdmin', '127.0.0.1', '0', '退出成功', '2025-04-12 10:05:32');
INSERT INTO `sys_logininfor` (`info_id`, `user_name`, `ipaddr`, `status`, `msg`, `access_time`) VALUES (1910997834180112386, 'landingAdmin', '127.0.0.1', '0', '登录成功', '2025-04-12 10:06:02');
INSERT INTO `sys_logininfor` (`info_id`, `user_name`, `ipaddr`, `status`, `msg`, `access_time`) VALUES (1910997902073311234, 'landingAdmin', '127.0.0.1', '0', '退出成功', '2025-04-12 10:06:13');
INSERT INTO `sys_logininfor` (`info_id`, `user_name`, `ipaddr`, `status`, `msg`, `access_time`) VALUES (1910998134471307265, 'landingAdmin', '127.0.0.1', '0', '登录成功', '2025-04-12 10:07:14');
INSERT INTO `sys_logininfor` (`info_id`, `user_name`, `ipaddr`, `status`, `msg`, `access_time`) VALUES (1910998788514295809, 'landingAdmin', '127.0.0.1', '0', '登录成功', '2025-04-12 10:09:50');
INSERT INTO `sys_logininfor` (`info_id`, `user_name`, `ipaddr`, `status`, `msg`, `access_time`) VALUES (1910999242941992961, 'landingAdmin', '127.0.0.1', '0', '登录成功', '2025-04-12 10:11:38');
INSERT INTO `sys_logininfor` (`info_id`, `user_name`, `ipaddr`, `status`, `msg`, `access_time`) VALUES (1910999603912183810, 'landingAdmin', '127.0.0.1', '0', '登录成功', '2025-04-12 10:13:04');
INSERT INTO `sys_logininfor` (`info_id`, `user_name`, `ipaddr`, `status`, `msg`, `access_time`) VALUES (1911001243830513666, 'landingAdmin', '127.0.0.1', '0', '登录成功', '2025-04-12 10:19:35');
INSERT INTO `sys_logininfor` (`info_id`, `user_name`, `ipaddr`, `status`, `msg`, `access_time`) VALUES (1911009089997574146, 'admin', '127.0.0.1', '0', '退出成功', '2025-04-12 10:50:46');
INSERT INTO `sys_logininfor` (`info_id`, `user_name`, `ipaddr`, `status`, `msg`, `access_time`) VALUES (1911009276174340097, 'admin', '127.0.0.1', '0', '登录成功', '2025-04-12 10:51:30');
INSERT INTO `sys_logininfor` (`info_id`, `user_name`, `ipaddr`, `status`, `msg`, `access_time`) VALUES (1911013213866627074, 'admin', '127.0.0.1', '0', '退出成功', '2025-04-12 11:07:09');
INSERT INTO `sys_logininfor` (`info_id`, `user_name`, `ipaddr`, `status`, `msg`, `access_time`) VALUES (1911013271131459586, 'admin', '127.0.0.1', '0', '登录成功', '2025-04-12 11:07:23');
INSERT INTO `sys_logininfor` (`info_id`, `user_name`, `ipaddr`, `status`, `msg`, `access_time`) VALUES (1911013315171651585, 'admin', '127.0.0.1', '0', '退出成功', '2025-04-12 11:07:33');
INSERT INTO `sys_logininfor` (`info_id`, `user_name`, `ipaddr`, `status`, `msg`, `access_time`) VALUES (1911440806935846914, 'admin', '127.0.0.1', '0', '登录成功', '2025-04-13 15:26:15');
INSERT INTO `sys_logininfor` (`info_id`, `user_name`, `ipaddr`, `status`, `msg`, `access_time`) VALUES (1911450228223434754, 'admin', '127.0.0.1', '0', '退出成功', '2025-04-13 16:03:42');
INSERT INTO `sys_logininfor` (`info_id`, `user_name`, `ipaddr`, `status`, `msg`, `access_time`) VALUES (1911450251719925761, 'admin', '127.0.0.1', '0', '登录成功', '2025-04-13 16:03:47');
INSERT INTO `sys_logininfor` (`info_id`, `user_name`, `ipaddr`, `status`, `msg`, `access_time`) VALUES (1911450295231635458, 'admin', '127.0.0.1', '0', '退出成功', '2025-04-13 16:03:58');
INSERT INTO `sys_logininfor` (`info_id`, `user_name`, `ipaddr`, `status`, `msg`, `access_time`) VALUES (1911450561859346434, 'admin', '127.0.0.1', '0', '登录成功', '2025-04-13 16:05:01');
INSERT INTO `sys_logininfor` (`info_id`, `user_name`, `ipaddr`, `status`, `msg`, `access_time`) VALUES (1911708095467827202, 'admin', '127.0.0.1', '0', '退出成功', '2025-04-14 09:08:21');
INSERT INTO `sys_logininfor` (`info_id`, `user_name`, `ipaddr`, `status`, `msg`, `access_time`) VALUES (1911708308358115330, 'admin', '127.0.0.1', '0', '登录成功', '2025-04-14 09:09:13');
INSERT INTO `sys_logininfor` (`info_id`, `user_name`, `ipaddr`, `status`, `msg`, `access_time`) VALUES (1911708354055057409, 'admin', '127.0.0.1', '0', '退出成功', '2025-04-14 09:09:24');
INSERT INTO `sys_logininfor` (`info_id`, `user_name`, `ipaddr`, `status`, `msg`, `access_time`) VALUES (1911708458530975745, 'admin', '127.0.0.1', '0', '登录成功', '2025-04-14 09:09:48');
INSERT INTO `sys_logininfor` (`info_id`, `user_name`, `ipaddr`, `status`, `msg`, `access_time`) VALUES (1911718000715182081, 'admin', '127.0.0.1', '0', '退出成功', '2025-04-14 09:47:43');
INSERT INTO `sys_logininfor` (`info_id`, `user_name`, `ipaddr`, `status`, `msg`, `access_time`) VALUES (1911718011452600321, 'admin', '127.0.0.1', '0', '退出成功', '2025-04-14 09:47:46');
INSERT INTO `sys_logininfor` (`info_id`, `user_name`, `ipaddr`, `status`, `msg`, `access_time`) VALUES (1911718123927056385, 'admin', '127.0.0.1', '0', '登录成功', '2025-04-14 09:48:13');
INSERT INTO `sys_logininfor` (`info_id`, `user_name`, `ipaddr`, `status`, `msg`, `access_time`) VALUES (1911718168713834497, 'admin', '127.0.0.1', '0', '退出成功', '2025-04-14 09:48:24');
INSERT INTO `sys_logininfor` (`info_id`, `user_name`, `ipaddr`, `status`, `msg`, `access_time`) VALUES (1911718463091060737, 'admin', '127.0.0.1', '0', '登录成功', '2025-04-14 09:49:34');
INSERT INTO `sys_logininfor` (`info_id`, `user_name`, `ipaddr`, `status`, `msg`, `access_time`) VALUES (1911723723587137538, 'admin', '127.0.0.1', '0', '退出成功', '2025-04-14 10:10:28');
INSERT INTO `sys_logininfor` (`info_id`, `user_name`, `ipaddr`, `status`, `msg`, `access_time`) VALUES (1911723792168202242, 'admin', '127.0.0.1', '0', '登录成功', '2025-04-14 10:10:44');
INSERT INTO `sys_logininfor` (`info_id`, `user_name`, `ipaddr`, `status`, `msg`, `access_time`) VALUES (1911723835608608770, 'admin', '127.0.0.1', '0', '退出成功', '2025-04-14 10:10:55');
INSERT INTO `sys_logininfor` (`info_id`, `user_name`, `ipaddr`, `status`, `msg`, `access_time`) VALUES (1911724162743349249, 'admin', '127.0.0.1', '0', '登录成功', '2025-04-14 10:12:13');
INSERT INTO `sys_logininfor` (`info_id`, `user_name`, `ipaddr`, `status`, `msg`, `access_time`) VALUES (1912018352513560577, 'admin', '127.0.0.1', '0', '退出成功', '2025-04-15 05:41:12');
INSERT INTO `sys_logininfor` (`info_id`, `user_name`, `ipaddr`, `status`, `msg`, `access_time`) VALUES (1912018379176751106, 'admin', '127.0.0.1', '0', '登录成功', '2025-04-15 05:41:19');
INSERT INTO `sys_logininfor` (`info_id`, `user_name`, `ipaddr`, `status`, `msg`, `access_time`) VALUES (1912024484455985153, 'admin', '127.0.0.1', '0', '退出成功', '2025-04-15 06:05:35');
INSERT INTO `sys_logininfor` (`info_id`, `user_name`, `ipaddr`, `status`, `msg`, `access_time`) VALUES (1912024523022610433, 'admin', '127.0.0.1', '0', '登录成功', '2025-04-15 06:05:44');
INSERT INTO `sys_logininfor` (`info_id`, `user_name`, `ipaddr`, `status`, `msg`, `access_time`) VALUES (1912026687958757378, 'admin', '127.0.0.1', '0', '退出成功', '2025-04-15 06:14:20');
INSERT INTO `sys_logininfor` (`info_id`, `user_name`, `ipaddr`, `status`, `msg`, `access_time`) VALUES (1912026732837810177, 'admin', '127.0.0.1', '0', '登录成功', '2025-04-15 06:14:31');
INSERT INTO `sys_logininfor` (`info_id`, `user_name`, `ipaddr`, `status`, `msg`, `access_time`) VALUES (1912039756982239233, 'admin', '127.0.0.1', '0', '退出成功', '2025-04-15 07:06:16');
INSERT INTO `sys_logininfor` (`info_id`, `user_name`, `ipaddr`, `status`, `msg`, `access_time`) VALUES (1912039836585934849, 'admin', '127.0.0.1', '0', '登录成功', '2025-04-15 07:06:35');
INSERT INTO `sys_logininfor` (`info_id`, `user_name`, `ipaddr`, `status`, `msg`, `access_time`) VALUES (1912043733635416066, 'admin', '127.0.0.1', '0', '退出成功', '2025-04-15 07:22:04');
INSERT INTO `sys_logininfor` (`info_id`, `user_name`, `ipaddr`, `status`, `msg`, `access_time`) VALUES (1912043791843966977, 'admin', '127.0.0.1', '0', '登录成功', '2025-04-15 07:22:18');
INSERT INTO `sys_logininfor` (`info_id`, `user_name`, `ipaddr`, `status`, `msg`, `access_time`) VALUES (1912055944109998081, 'admin', '127.0.0.1', '0', '退出成功', '2025-04-15 08:10:35');
INSERT INTO `sys_logininfor` (`info_id`, `user_name`, `ipaddr`, `status`, `msg`, `access_time`) VALUES (1912056044471304193, 'admin', '127.0.0.1', '0', '登录成功', '2025-04-15 08:10:59');
INSERT INTO `sys_logininfor` (`info_id`, `user_name`, `ipaddr`, `status`, `msg`, `access_time`) VALUES (1912070644625424386, 'admin', '127.0.0.1', '0', '退出成功', '2025-04-15 09:09:00');
INSERT INTO `sys_logininfor` (`info_id`, `user_name`, `ipaddr`, `status`, `msg`, `access_time`) VALUES (1912070772773994498, 'admin', '127.0.0.1', '0', '登录成功', '2025-04-15 09:09:31');
INSERT INTO `sys_logininfor` (`info_id`, `user_name`, `ipaddr`, `status`, `msg`, `access_time`) VALUES (1912078104341889026, 'admin', '127.0.0.1', '0', '退出成功', '2025-04-15 09:38:39');
INSERT INTO `sys_logininfor` (`info_id`, `user_name`, `ipaddr`, `status`, `msg`, `access_time`) VALUES (1912078104341889027, 'admin', '127.0.0.1', '0', '退出成功', '2025-04-15 09:38:39');
INSERT INTO `sys_logininfor` (`info_id`, `user_name`, `ipaddr`, `status`, `msg`, `access_time`) VALUES (1912078104341889028, 'admin', '127.0.0.1', '0', '退出成功', '2025-04-15 09:38:39');
INSERT INTO `sys_logininfor` (`info_id`, `user_name`, `ipaddr`, `status`, `msg`, `access_time`) VALUES (1912078303600689153, 'admin', '127.0.0.1', '0', '退出成功', '2025-04-15 09:39:26');
INSERT INTO `sys_logininfor` (`info_id`, `user_name`, `ipaddr`, `status`, `msg`, `access_time`) VALUES (1912078317672579073, 'admin', '127.0.0.1', '0', '登录成功', '2025-04-15 09:39:30');
INSERT INTO `sys_logininfor` (`info_id`, `user_name`, `ipaddr`, `status`, `msg`, `access_time`) VALUES (1912080868061069313, 'admin', '127.0.0.1', '0', '退出成功', '2025-04-15 09:49:38');
INSERT INTO `sys_logininfor` (`info_id`, `user_name`, `ipaddr`, `status`, `msg`, `access_time`) VALUES (1912080886507618305, 'admin', '127.0.0.1', '0', '退出成功', '2025-04-15 09:49:42');
INSERT INTO `sys_logininfor` (`info_id`, `user_name`, `ipaddr`, `status`, `msg`, `access_time`) VALUES (1912080906384424962, 'admin', '127.0.0.1', '0', '登录成功', '2025-04-15 09:49:47');
INSERT INTO `sys_logininfor` (`info_id`, `user_name`, `ipaddr`, `status`, `msg`, `access_time`) VALUES (1912080949606727681, 'admin', '127.0.0.1', '0', '退出成功', '2025-04-15 09:49:57');
INSERT INTO `sys_logininfor` (`info_id`, `user_name`, `ipaddr`, `status`, `msg`, `access_time`) VALUES (1912081024982564865, 'admin', '127.0.0.1', '0', '登录成功', '2025-04-15 09:50:15');
INSERT INTO `sys_logininfor` (`info_id`, `user_name`, `ipaddr`, `status`, `msg`, `access_time`) VALUES (1912082972116893698, 'admin', '127.0.0.1', '0', '退出成功', '2025-04-15 09:57:59');
INSERT INTO `sys_logininfor` (`info_id`, `user_name`, `ipaddr`, `status`, `msg`, `access_time`) VALUES (1912082993482678273, 'admin', '127.0.0.1', '0', '登录成功', '2025-04-15 09:58:05');
INSERT INTO `sys_logininfor` (`info_id`, `user_name`, `ipaddr`, `status`, `msg`, `access_time`) VALUES (1912083062822912002, 'admin', '127.0.0.1', '0', '退出成功', '2025-04-15 09:58:21');
INSERT INTO `sys_logininfor` (`info_id`, `user_name`, `ipaddr`, `status`, `msg`, `access_time`) VALUES (1912083078035652610, 'admin', '127.0.0.1', '0', '登录成功', '2025-04-15 09:58:25');
INSERT INTO `sys_logininfor` (`info_id`, `user_name`, `ipaddr`, `status`, `msg`, `access_time`) VALUES (1912133426574077954, 'admin', '127.0.0.1', '0', '退出成功', '2025-04-15 13:18:28');
INSERT INTO `sys_logininfor` (`info_id`, `user_name`, `ipaddr`, `status`, `msg`, `access_time`) VALUES (1912133476368855041, 'admin', '127.0.0.1', '0', '登录成功', '2025-04-15 13:18:41');
INSERT INTO `sys_logininfor` (`info_id`, `user_name`, `ipaddr`, `status`, `msg`, `access_time`) VALUES (1912133872168546306, 'admin', '127.0.0.1', '0', '退出成功', '2025-04-15 13:20:15');
COMMIT;

-- ----------------------------
-- Table structure for sys_menu
-- ----------------------------
DROP TABLE IF EXISTS `sys_menu`;
CREATE TABLE `sys_menu` (
  `menu_id` bigint NOT NULL AUTO_INCREMENT COMMENT '菜单ID',
  `menu_name` varchar(50) COLLATE utf8mb4_general_ci NOT NULL COMMENT '菜单名称',
  `parent_id` bigint DEFAULT '0' COMMENT '父菜单ID',
  `order_num` int DEFAULT '0' COMMENT '显示顺序',
  `path` varchar(200) COLLATE utf8mb4_general_ci DEFAULT '' COMMENT '路由地址',
  `component` varchar(255) COLLATE utf8mb4_general_ci DEFAULT NULL COMMENT '组件路径',
  `query` varchar(255) COLLATE utf8mb4_general_ci DEFAULT NULL COMMENT '路由参数',
  `route_name` varchar(50) COLLATE utf8mb4_general_ci DEFAULT '' COMMENT '路由名称',
  `is_frame` int DEFAULT '1' COMMENT '是否为外链（0是 1否）',
  `is_cache` int DEFAULT '0' COMMENT '是否缓存（0缓存 1不缓存）',
  `menu_type` char(1) COLLATE utf8mb4_general_ci DEFAULT '' COMMENT '菜单类型（M目录 C菜单 F按钮）',
  `visible` char(1) COLLATE utf8mb4_general_ci DEFAULT '0' COMMENT '菜单状态（0显示 1隐藏）',
  `status` char(1) COLLATE utf8mb4_general_ci DEFAULT '0' COMMENT '菜单状态（0正常 1停用）',
  `perms` varchar(100) COLLATE utf8mb4_general_ci DEFAULT NULL COMMENT '权限标识',
  `icon` varchar(100) COLLATE utf8mb4_general_ci DEFAULT '#' COMMENT '菜单图标',
  `create_by` varchar(64) COLLATE utf8mb4_general_ci DEFAULT '' COMMENT '创建者',
  `create_time` datetime DEFAULT NULL COMMENT '创建时间',
  `update_by` varchar(64) COLLATE utf8mb4_general_ci DEFAULT '' COMMENT '更新者',
  `update_time` datetime DEFAULT NULL COMMENT '更新时间',
  `remark` varchar(500) COLLATE utf8mb4_general_ci DEFAULT '' COMMENT '备注',
  PRIMARY KEY (`menu_id`)
) ENGINE=InnoDB AUTO_INCREMENT=2012 DEFAULT CHARSET=utf8mb4 COLLATE=utf8mb4_general_ci COMMENT='菜单权限表';

-- ----------------------------
-- Records of sys_menu
-- ----------------------------
BEGIN;
INSERT INTO `sys_menu` (`menu_id`, `menu_name`, `parent_id`, `order_num`, `path`, `component`, `query`, `route_name`, `is_frame`, `is_cache`, `menu_type`, `visible`, `status`, `perms`, `icon`, `create_by`, `create_time`, `update_by`, `update_time`, `remark`) VALUES (1, '系统管理', 0, 1, 'system', NULL, '', '', 1, 0, 'M', '0', '0', '', 'system', '1', '2025-03-30 16:31:25', '', NULL, '系统管理目录');
INSERT INTO `sys_menu` (`menu_id`, `menu_name`, `parent_id`, `order_num`, `path`, `component`, `query`, `route_name`, `is_frame`, `is_cache`, `menu_type`, `visible`, `status`, `perms`, `icon`, `create_by`, `create_time`, `update_by`, `update_time`, `remark`) VALUES (2, '系统监控', 0, 2, 'monitor', NULL, '', '', 1, 0, 'M', '0', '0', '', 'monitor', '1', '2025-03-30 16:31:25', '', NULL, '系统监控目录');
INSERT INTO `sys_menu` (`menu_id`, `menu_name`, `parent_id`, `order_num`, `path`, `component`, `query`, `route_name`, `is_frame`, `is_cache`, `menu_type`, `visible`, `status`, `perms`, `icon`, `create_by`, `create_time`, `update_by`, `update_time`, `remark`) VALUES (3, '系统工具', 0, 3, 'tool', NULL, '', '', 1, 0, 'M', '0', '0', '', 'tool', '1', '2025-03-30 16:31:25', '', NULL, '系统工具目录');
INSERT INTO `sys_menu` (`menu_id`, `menu_name`, `parent_id`, `order_num`, `path`, `component`, `query`, `route_name`, `is_frame`, `is_cache`, `menu_type`, `visible`, `status`, `perms`, `icon`, `create_by`, `create_time`, `update_by`, `update_time`, `remark`) VALUES (100, '用户管理', 1, 1, 'user', 'system/user/index', '', '', 1, 0, 'C', '0', '0', 'system:user:list', 'user', '1', '2025-03-30 16:31:25', '', NULL, '用户管理菜单');
INSERT INTO `sys_menu` (`menu_id`, `menu_name`, `parent_id`, `order_num`, `path`, `component`, `query`, `route_name`, `is_frame`, `is_cache`, `menu_type`, `visible`, `status`, `perms`, `icon`, `create_by`, `create_time`, `update_by`, `update_time`, `remark`) VALUES (101, '角色管理', 1, 2, 'role', 'system/role/index', '', '', 1, 0, 'C', '0', '0', 'system:role:list', 'peoples', '1', '2025-03-30 16:31:25', '', NULL, '角色管理菜单');
INSERT INTO `sys_menu` (`menu_id`, `menu_name`, `parent_id`, `order_num`, `path`, `component`, `query`, `route_name`, `is_frame`, `is_cache`, `menu_type`, `visible`, `status`, `perms`, `icon`, `create_by`, `create_time`, `update_by`, `update_time`, `remark`) VALUES (102, '菜单管理', 1, 3, 'menu', 'system/menu/index', '', '', 1, 0, 'C', '0', '0', 'system:menu:list', 'tree-table', '1', '2025-03-30 16:31:25', '', NULL, '菜单管理菜单');
INSERT INTO `sys_menu` (`menu_id`, `menu_name`, `parent_id`, `order_num`, `path`, `component`, `query`, `route_name`, `is_frame`, `is_cache`, `menu_type`, `visible`, `status`, `perms`, `icon`, `create_by`, `create_time`, `update_by`, `update_time`, `remark`) VALUES (103, '部门管理', 1, 4, 'dept', 'system/dept/index', '', '', 1, 0, 'C', '0', '0', 'system:dept:list', 'tree', '1', '2025-03-30 16:31:25', '', NULL, '部门管理菜单');
INSERT INTO `sys_menu` (`menu_id`, `menu_name`, `parent_id`, `order_num`, `path`, `component`, `query`, `route_name`, `is_frame`, `is_cache`, `menu_type`, `visible`, `status`, `perms`, `icon`, `create_by`, `create_time`, `update_by`, `update_time`, `remark`) VALUES (104, '岗位管理', 1, 5, 'post', 'system/post/index', '', '', 1, 0, 'C', '0', '0', 'system:post:list', 'post', '1', '2025-03-30 16:31:25', '', NULL, '岗位管理菜单');
INSERT INTO `sys_menu` (`menu_id`, `menu_name`, `parent_id`, `order_num`, `path`, `component`, `query`, `route_name`, `is_frame`, `is_cache`, `menu_type`, `visible`, `status`, `perms`, `icon`, `create_by`, `create_time`, `update_by`, `update_time`, `remark`) VALUES (105, '字典管理', 1, 6, 'dict', 'system/dict/index', '', '', 1, 0, 'C', '0', '0', 'system:dict:list', 'dict', '1', '2025-03-30 16:31:25', '', NULL, '字典管理菜单');
INSERT INTO `sys_menu` (`menu_id`, `menu_name`, `parent_id`, `order_num`, `path`, `component`, `query`, `route_name`, `is_frame`, `is_cache`, `menu_type`, `visible`, `status`, `perms`, `icon`, `create_by`, `create_time`, `update_by`, `update_time`, `remark`) VALUES (106, '参数设置', 1, 7, 'config', 'system/config/index', '', '', 1, 0, 'C', '0', '0', 'system:config:list', 'edit', '1', '2025-03-30 16:31:25', '', NULL, '参数设置菜单');
INSERT INTO `sys_menu` (`menu_id`, `menu_name`, `parent_id`, `order_num`, `path`, `component`, `query`, `route_name`, `is_frame`, `is_cache`, `menu_type`, `visible`, `status`, `perms`, `icon`, `create_by`, `create_time`, `update_by`, `update_time`, `remark`) VALUES (107, '通知公告', 1, 8, 'notice', 'system/notice/index', '', '', 1, 0, 'C', '0', '0', 'system:notice:list', 'message', '1', '2025-03-30 16:31:25', '', NULL, '通知公告菜单');
INSERT INTO `sys_menu` (`menu_id`, `menu_name`, `parent_id`, `order_num`, `path`, `component`, `query`, `route_name`, `is_frame`, `is_cache`, `menu_type`, `visible`, `status`, `perms`, `icon`, `create_by`, `create_time`, `update_by`, `update_time`, `remark`) VALUES (108, '日志管理', 1, 9, 'log', '', '', '', 1, 0, 'M', '0', '0', '', 'log', '1', '2025-03-30 16:31:25', '', NULL, '日志管理菜单');
INSERT INTO `sys_menu` (`menu_id`, `menu_name`, `parent_id`, `order_num`, `path`, `component`, `query`, `route_name`, `is_frame`, `is_cache`, `menu_type`, `visible`, `status`, `perms`, `icon`, `create_by`, `create_time`, `update_by`, `update_time`, `remark`) VALUES (109, '在线用户', 2, 1, 'online', 'monitor/online/index', '', '', 1, 0, 'C', '0', '0', 'monitor:online:list', 'online', '1', '2025-03-30 16:31:25', '', NULL, '在线用户菜单');
INSERT INTO `sys_menu` (`menu_id`, `menu_name`, `parent_id`, `order_num`, `path`, `component`, `query`, `route_name`, `is_frame`, `is_cache`, `menu_type`, `visible`, `status`, `perms`, `icon`, `create_by`, `create_time`, `update_by`, `update_time`, `remark`) VALUES (110, '定时任务', 2, 2, 'job', 'monitor/job/index', '', '', 1, 0, 'C', '0', '0', 'monitor:job:list', 'job', '1', '2025-03-30 16:31:25', '', NULL, '定时任务菜单');
INSERT INTO `sys_menu` (`menu_id`, `menu_name`, `parent_id`, `order_num`, `path`, `component`, `query`, `route_name`, `is_frame`, `is_cache`, `menu_type`, `visible`, `status`, `perms`, `icon`, `create_by`, `create_time`, `update_by`, `update_time`, `remark`) VALUES (111, 'Sentinel控制台', 2, 3, 'http://127.0.0.1:8718', '', '', '', 0, 0, 'C', '0', '0', 'monitor:sentinel:list', 'sentinel', '1', '2025-03-30 16:31:25', '', '2025-04-01 16:30:58', '流量控制菜单');
INSERT INTO `sys_menu` (`menu_id`, `menu_name`, `parent_id`, `order_num`, `path`, `component`, `query`, `route_name`, `is_frame`, `is_cache`, `menu_type`, `visible`, `status`, `perms`, `icon`, `create_by`, `create_time`, `update_by`, `update_time`, `remark`) VALUES (112, 'Nacos控制台', 2, 4, 'http://localhost:18848/nacos', '', '', '', 0, 0, 'C', '0', '0', 'monitor:nacos:list', 'nacos', '1', '2025-03-30 16:31:25', '', NULL, '服务治理菜单');
INSERT INTO `sys_menu` (`menu_id`, `menu_name`, `parent_id`, `order_num`, `path`, `component`, `query`, `route_name`, `is_frame`, `is_cache`, `menu_type`, `visible`, `status`, `perms`, `icon`, `create_by`, `create_time`, `update_by`, `update_time`, `remark`) VALUES (113, 'Admin控制台', 2, 5, 'http://localhost:9100/login', '', '', '', 0, 0, 'C', '0', '0', 'monitor:server:list', 'server', '1', '2025-03-30 16:31:25', '', NULL, '服务监控菜单');
INSERT INTO `sys_menu` (`menu_id`, `menu_name`, `parent_id`, `order_num`, `path`, `component`, `query`, `route_name`, `is_frame`, `is_cache`, `menu_type`, `visible`, `status`, `perms`, `icon`, `create_by`, `create_time`, `update_by`, `update_time`, `remark`) VALUES (114, '表单构建', 3, 1, 'build', 'tool/build/index', '', '', 1, 0, 'C', '0', '0', 'tool:build:list', 'build', '1', '2025-03-30 16:31:26', '', NULL, '表单构建菜单');
INSERT INTO `sys_menu` (`menu_id`, `menu_name`, `parent_id`, `order_num`, `path`, `component`, `query`, `route_name`, `is_frame`, `is_cache`, `menu_type`, `visible`, `status`, `perms`, `icon`, `create_by`, `create_time`, `update_by`, `update_time`, `remark`) VALUES (115, '代码生成', 3, 2, 'gen', 'tool/gen/index', '', '', 1, 0, 'C', '0', '0', 'tool:gen:list', 'code', '1', '2025-03-30 16:31:26', '', NULL, '代码生成菜单');
INSERT INTO `sys_menu` (`menu_id`, `menu_name`, `parent_id`, `order_num`, `path`, `component`, `query`, `route_name`, `is_frame`, `is_cache`, `menu_type`, `visible`, `status`, `perms`, `icon`, `create_by`, `create_time`, `update_by`, `update_time`, `remark`) VALUES (116, '系统接口', 3, 3, 'http://localhost:8080/swagger-ui/index.html', '', '', '', 0, 0, 'C', '0', '0', 'tool:swagger:list', 'swagger', '1', '2025-03-30 16:31:26', '', NULL, '系统接口菜单');
INSERT INTO `sys_menu` (`menu_id`, `menu_name`, `parent_id`, `order_num`, `path`, `component`, `query`, `route_name`, `is_frame`, `is_cache`, `menu_type`, `visible`, `status`, `perms`, `icon`, `create_by`, `create_time`, `update_by`, `update_time`, `remark`) VALUES (500, '操作日志', 108, 1, 'operlog', 'system/operlog/index', '', '', 1, 0, 'C', '0', '0', 'system:operlog:list', 'form', '1', '2025-03-30 16:31:26', '', NULL, '操作日志菜单');
INSERT INTO `sys_menu` (`menu_id`, `menu_name`, `parent_id`, `order_num`, `path`, `component`, `query`, `route_name`, `is_frame`, `is_cache`, `menu_type`, `visible`, `status`, `perms`, `icon`, `create_by`, `create_time`, `update_by`, `update_time`, `remark`) VALUES (501, '登录日志', 108, 2, 'logininfor', 'system/logininfor/index', '', '', 1, 0, 'C', '0', '0', 'system:logininfor:list', 'logininfor', '1', '2025-03-30 16:31:26', '', NULL, '登录日志菜单');
INSERT INTO `sys_menu` (`menu_id`, `menu_name`, `parent_id`, `order_num`, `path`, `component`, `query`, `route_name`, `is_frame`, `is_cache`, `menu_type`, `visible`, `status`, `perms`, `icon`, `create_by`, `create_time`, `update_by`, `update_time`, `remark`) VALUES (1000, '用户查询', 100, 1, '', '', '', '', 1, 0, 'F', '0', '0', 'system:user:query', '#', '1', '2025-03-30 16:31:26', '', NULL, '');
INSERT INTO `sys_menu` (`menu_id`, `menu_name`, `parent_id`, `order_num`, `path`, `component`, `query`, `route_name`, `is_frame`, `is_cache`, `menu_type`, `visible`, `status`, `perms`, `icon`, `create_by`, `create_time`, `update_by`, `update_time`, `remark`) VALUES (1001, '用户新增', 100, 2, '', '', '', '', 1, 0, 'F', '0', '0', 'system:user:add', '#', '1', '2025-03-30 16:31:26', '', NULL, '');
INSERT INTO `sys_menu` (`menu_id`, `menu_name`, `parent_id`, `order_num`, `path`, `component`, `query`, `route_name`, `is_frame`, `is_cache`, `menu_type`, `visible`, `status`, `perms`, `icon`, `create_by`, `create_time`, `update_by`, `update_time`, `remark`) VALUES (1002, '用户修改', 100, 3, '', '', '', '', 1, 0, 'F', '0', '0', 'system:user:edit', '#', '1', '2025-03-30 16:31:26', '', NULL, '');
INSERT INTO `sys_menu` (`menu_id`, `menu_name`, `parent_id`, `order_num`, `path`, `component`, `query`, `route_name`, `is_frame`, `is_cache`, `menu_type`, `visible`, `status`, `perms`, `icon`, `create_by`, `create_time`, `update_by`, `update_time`, `remark`) VALUES (1003, '用户删除', 100, 4, '', '', '', '', 1, 0, 'F', '0', '0', 'system:user:remove', '#', '1', '2025-03-30 16:31:26', '', NULL, '');
INSERT INTO `sys_menu` (`menu_id`, `menu_name`, `parent_id`, `order_num`, `path`, `component`, `query`, `route_name`, `is_frame`, `is_cache`, `menu_type`, `visible`, `status`, `perms`, `icon`, `create_by`, `create_time`, `update_by`, `update_time`, `remark`) VALUES (1004, '用户导出', 100, 5, '', '', '', '', 1, 0, 'F', '0', '0', 'system:user:export', '#', '1', '2025-03-30 16:31:26', '', NULL, '');
INSERT INTO `sys_menu` (`menu_id`, `menu_name`, `parent_id`, `order_num`, `path`, `component`, `query`, `route_name`, `is_frame`, `is_cache`, `menu_type`, `visible`, `status`, `perms`, `icon`, `create_by`, `create_time`, `update_by`, `update_time`, `remark`) VALUES (1005, '用户导入', 100, 6, '', '', '', '', 1, 0, 'F', '0', '0', 'system:user:import', '#', '1', '2025-03-30 16:31:26', '', NULL, '');
INSERT INTO `sys_menu` (`menu_id`, `menu_name`, `parent_id`, `order_num`, `path`, `component`, `query`, `route_name`, `is_frame`, `is_cache`, `menu_type`, `visible`, `status`, `perms`, `icon`, `create_by`, `create_time`, `update_by`, `update_time`, `remark`) VALUES (1006, '重置密码', 100, 7, '', '', '', '', 1, 0, 'F', '0', '0', 'system:user:resetPwd', '#', '1', '2025-03-30 16:31:26', '', NULL, '');
INSERT INTO `sys_menu` (`menu_id`, `menu_name`, `parent_id`, `order_num`, `path`, `component`, `query`, `route_name`, `is_frame`, `is_cache`, `menu_type`, `visible`, `status`, `perms`, `icon`, `create_by`, `create_time`, `update_by`, `update_time`, `remark`) VALUES (1007, '角色查询', 101, 1, '', '', '', '', 1, 0, 'F', '0', '0', 'system:role:query', '#', '1', '2025-03-30 16:31:26', '', NULL, '');
INSERT INTO `sys_menu` (`menu_id`, `menu_name`, `parent_id`, `order_num`, `path`, `component`, `query`, `route_name`, `is_frame`, `is_cache`, `menu_type`, `visible`, `status`, `perms`, `icon`, `create_by`, `create_time`, `update_by`, `update_time`, `remark`) VALUES (1008, '角色新增', 101, 2, '', '', '', '', 1, 0, 'F', '0', '0', 'system:role:add', '#', '1', '2025-03-30 16:31:26', '', NULL, '');
INSERT INTO `sys_menu` (`menu_id`, `menu_name`, `parent_id`, `order_num`, `path`, `component`, `query`, `route_name`, `is_frame`, `is_cache`, `menu_type`, `visible`, `status`, `perms`, `icon`, `create_by`, `create_time`, `update_by`, `update_time`, `remark`) VALUES (1009, '角色修改', 101, 3, '', '', '', '', 1, 0, 'F', '0', '0', 'system:role:edit', '#', '1', '2025-03-30 16:31:26', '', NULL, '');
INSERT INTO `sys_menu` (`menu_id`, `menu_name`, `parent_id`, `order_num`, `path`, `component`, `query`, `route_name`, `is_frame`, `is_cache`, `menu_type`, `visible`, `status`, `perms`, `icon`, `create_by`, `create_time`, `update_by`, `update_time`, `remark`) VALUES (1010, '角色删除', 101, 4, '', '', '', '', 1, 0, 'F', '0', '0', 'system:role:remove', '#', '1', '2025-03-30 16:31:26', '', NULL, '');
INSERT INTO `sys_menu` (`menu_id`, `menu_name`, `parent_id`, `order_num`, `path`, `component`, `query`, `route_name`, `is_frame`, `is_cache`, `menu_type`, `visible`, `status`, `perms`, `icon`, `create_by`, `create_time`, `update_by`, `update_time`, `remark`) VALUES (1011, '角色导出', 101, 5, '', '', '', '', 1, 0, 'F', '0', '0', 'system:role:export', '#', '1', '2025-03-30 16:31:26', '', NULL, '');
INSERT INTO `sys_menu` (`menu_id`, `menu_name`, `parent_id`, `order_num`, `path`, `component`, `query`, `route_name`, `is_frame`, `is_cache`, `menu_type`, `visible`, `status`, `perms`, `icon`, `create_by`, `create_time`, `update_by`, `update_time`, `remark`) VALUES (1012, '菜单查询', 102, 1, '', '', '', '', 1, 0, 'F', '0', '0', 'system:menu:query', '#', '1', '2025-03-30 16:31:26', '', NULL, '');
INSERT INTO `sys_menu` (`menu_id`, `menu_name`, `parent_id`, `order_num`, `path`, `component`, `query`, `route_name`, `is_frame`, `is_cache`, `menu_type`, `visible`, `status`, `perms`, `icon`, `create_by`, `create_time`, `update_by`, `update_time`, `remark`) VALUES (1013, '菜单新增', 102, 2, '', '', '', '', 1, 0, 'F', '0', '0', 'system:menu:add', '#', '1', '2025-03-30 16:31:26', '', NULL, '');
INSERT INTO `sys_menu` (`menu_id`, `menu_name`, `parent_id`, `order_num`, `path`, `component`, `query`, `route_name`, `is_frame`, `is_cache`, `menu_type`, `visible`, `status`, `perms`, `icon`, `create_by`, `create_time`, `update_by`, `update_time`, `remark`) VALUES (1014, '菜单修改', 102, 3, '', '', '', '', 1, 0, 'F', '0', '0', 'system:menu:edit', '#', '1', '2025-03-30 16:31:26', '', NULL, '');
INSERT INTO `sys_menu` (`menu_id`, `menu_name`, `parent_id`, `order_num`, `path`, `component`, `query`, `route_name`, `is_frame`, `is_cache`, `menu_type`, `visible`, `status`, `perms`, `icon`, `create_by`, `create_time`, `update_by`, `update_time`, `remark`) VALUES (1015, '菜单删除', 102, 4, '', '', '', '', 1, 0, 'F', '0', '0', 'system:menu:remove', '#', '1', '2025-03-30 16:31:26', '', NULL, '');
INSERT INTO `sys_menu` (`menu_id`, `menu_name`, `parent_id`, `order_num`, `path`, `component`, `query`, `route_name`, `is_frame`, `is_cache`, `menu_type`, `visible`, `status`, `perms`, `icon`, `create_by`, `create_time`, `update_by`, `update_time`, `remark`) VALUES (1016, '部门查询', 103, 1, '', '', '', '', 1, 0, 'F', '0', '0', 'system:dept:query', '#', '1', '2025-03-30 16:31:26', '', NULL, '');
INSERT INTO `sys_menu` (`menu_id`, `menu_name`, `parent_id`, `order_num`, `path`, `component`, `query`, `route_name`, `is_frame`, `is_cache`, `menu_type`, `visible`, `status`, `perms`, `icon`, `create_by`, `create_time`, `update_by`, `update_time`, `remark`) VALUES (1017, '部门新增', 103, 2, '', '', '', '', 1, 0, 'F', '0', '0', 'system:dept:add', '#', '1', '2025-03-30 16:31:26', '', NULL, '');
INSERT INTO `sys_menu` (`menu_id`, `menu_name`, `parent_id`, `order_num`, `path`, `component`, `query`, `route_name`, `is_frame`, `is_cache`, `menu_type`, `visible`, `status`, `perms`, `icon`, `create_by`, `create_time`, `update_by`, `update_time`, `remark`) VALUES (1018, '部门修改', 103, 3, '', '', '', '', 1, 0, 'F', '0', '0', 'system:dept:edit', '#', '1', '2025-03-30 16:31:26', '', NULL, '');
INSERT INTO `sys_menu` (`menu_id`, `menu_name`, `parent_id`, `order_num`, `path`, `component`, `query`, `route_name`, `is_frame`, `is_cache`, `menu_type`, `visible`, `status`, `perms`, `icon`, `create_by`, `create_time`, `update_by`, `update_time`, `remark`) VALUES (1019, '部门删除', 103, 4, '', '', '', '', 1, 0, 'F', '0', '0', 'system:dept:remove', '#', '1', '2025-03-30 16:31:26', '', NULL, '');
INSERT INTO `sys_menu` (`menu_id`, `menu_name`, `parent_id`, `order_num`, `path`, `component`, `query`, `route_name`, `is_frame`, `is_cache`, `menu_type`, `visible`, `status`, `perms`, `icon`, `create_by`, `create_time`, `update_by`, `update_time`, `remark`) VALUES (1020, '岗位查询', 104, 1, '', '', '', '', 1, 0, 'F', '0', '0', 'system:post:query', '#', '1', '2025-03-30 16:31:26', '', NULL, '');
INSERT INTO `sys_menu` (`menu_id`, `menu_name`, `parent_id`, `order_num`, `path`, `component`, `query`, `route_name`, `is_frame`, `is_cache`, `menu_type`, `visible`, `status`, `perms`, `icon`, `create_by`, `create_time`, `update_by`, `update_time`, `remark`) VALUES (1021, '岗位新增', 104, 2, '', '', '', '', 1, 0, 'F', '0', '0', 'system:post:add', '#', '1', '2025-03-30 16:31:26', '', NULL, '');
INSERT INTO `sys_menu` (`menu_id`, `menu_name`, `parent_id`, `order_num`, `path`, `component`, `query`, `route_name`, `is_frame`, `is_cache`, `menu_type`, `visible`, `status`, `perms`, `icon`, `create_by`, `create_time`, `update_by`, `update_time`, `remark`) VALUES (1022, '岗位修改', 104, 3, '', '', '', '', 1, 0, 'F', '0', '0', 'system:post:edit', '#', '1', '2025-03-30 16:31:27', '', NULL, '');
INSERT INTO `sys_menu` (`menu_id`, `menu_name`, `parent_id`, `order_num`, `path`, `component`, `query`, `route_name`, `is_frame`, `is_cache`, `menu_type`, `visible`, `status`, `perms`, `icon`, `create_by`, `create_time`, `update_by`, `update_time`, `remark`) VALUES (1023, '岗位删除', 104, 4, '', '', '', '', 1, 0, 'F', '0', '0', 'system:post:remove', '#', '1', '2025-03-30 16:31:27', '', NULL, '');
INSERT INTO `sys_menu` (`menu_id`, `menu_name`, `parent_id`, `order_num`, `path`, `component`, `query`, `route_name`, `is_frame`, `is_cache`, `menu_type`, `visible`, `status`, `perms`, `icon`, `create_by`, `create_time`, `update_by`, `update_time`, `remark`) VALUES (1024, '岗位导出', 104, 5, '', '', '', '', 1, 0, 'F', '0', '0', 'system:post:export', '#', '1', '2025-03-30 16:31:27', '', NULL, '');
INSERT INTO `sys_menu` (`menu_id`, `menu_name`, `parent_id`, `order_num`, `path`, `component`, `query`, `route_name`, `is_frame`, `is_cache`, `menu_type`, `visible`, `status`, `perms`, `icon`, `create_by`, `create_time`, `update_by`, `update_time`, `remark`) VALUES (1025, '字典查询', 105, 1, '#', '', '', '', 1, 0, 'F', '0', '0', 'system:dict:query', '#', '1', '2025-03-30 16:31:27', '', NULL, '');
INSERT INTO `sys_menu` (`menu_id`, `menu_name`, `parent_id`, `order_num`, `path`, `component`, `query`, `route_name`, `is_frame`, `is_cache`, `menu_type`, `visible`, `status`, `perms`, `icon`, `create_by`, `create_time`, `update_by`, `update_time`, `remark`) VALUES (1026, '字典新增', 105, 2, '#', '', '', '', 1, 0, 'F', '0', '0', 'system:dict:add', '#', '1', '2025-03-30 16:31:27', '', NULL, '');
INSERT INTO `sys_menu` (`menu_id`, `menu_name`, `parent_id`, `order_num`, `path`, `component`, `query`, `route_name`, `is_frame`, `is_cache`, `menu_type`, `visible`, `status`, `perms`, `icon`, `create_by`, `create_time`, `update_by`, `update_time`, `remark`) VALUES (1027, '字典修改', 105, 3, '#', '', '', '', 1, 0, 'F', '0', '0', 'system:dict:edit', '#', '1', '2025-03-30 16:31:27', '', NULL, '');
INSERT INTO `sys_menu` (`menu_id`, `menu_name`, `parent_id`, `order_num`, `path`, `component`, `query`, `route_name`, `is_frame`, `is_cache`, `menu_type`, `visible`, `status`, `perms`, `icon`, `create_by`, `create_time`, `update_by`, `update_time`, `remark`) VALUES (1028, '字典删除', 105, 4, '#', '', '', '', 1, 0, 'F', '0', '0', 'system:dict:remove', '#', '1', '2025-03-30 16:31:27', '', NULL, '');
INSERT INTO `sys_menu` (`menu_id`, `menu_name`, `parent_id`, `order_num`, `path`, `component`, `query`, `route_name`, `is_frame`, `is_cache`, `menu_type`, `visible`, `status`, `perms`, `icon`, `create_by`, `create_time`, `update_by`, `update_time`, `remark`) VALUES (1029, '字典导出', 105, 5, '#', '', '', '', 1, 0, 'F', '0', '0', 'system:dict:export', '#', '1', '2025-03-30 16:31:27', '', NULL, '');
INSERT INTO `sys_menu` (`menu_id`, `menu_name`, `parent_id`, `order_num`, `path`, `component`, `query`, `route_name`, `is_frame`, `is_cache`, `menu_type`, `visible`, `status`, `perms`, `icon`, `create_by`, `create_time`, `update_by`, `update_time`, `remark`) VALUES (1030, '参数查询', 106, 1, '#', '', '', '', 1, 0, 'F', '0', '0', 'system:config:query', '#', '1', '2025-03-30 16:31:27', '', NULL, '');
INSERT INTO `sys_menu` (`menu_id`, `menu_name`, `parent_id`, `order_num`, `path`, `component`, `query`, `route_name`, `is_frame`, `is_cache`, `menu_type`, `visible`, `status`, `perms`, `icon`, `create_by`, `create_time`, `update_by`, `update_time`, `remark`) VALUES (1031, '参数新增', 106, 2, '#', '', '', '', 1, 0, 'F', '0', '0', 'system:config:add', '#', '1', '2025-03-30 16:31:27', '', NULL, '');
INSERT INTO `sys_menu` (`menu_id`, `menu_name`, `parent_id`, `order_num`, `path`, `component`, `query`, `route_name`, `is_frame`, `is_cache`, `menu_type`, `visible`, `status`, `perms`, `icon`, `create_by`, `create_time`, `update_by`, `update_time`, `remark`) VALUES (1032, '参数修改', 106, 3, '#', '', '', '', 1, 0, 'F', '0', '0', 'system:config:edit', '#', '1', '2025-03-30 16:31:27', '', NULL, '');
INSERT INTO `sys_menu` (`menu_id`, `menu_name`, `parent_id`, `order_num`, `path`, `component`, `query`, `route_name`, `is_frame`, `is_cache`, `menu_type`, `visible`, `status`, `perms`, `icon`, `create_by`, `create_time`, `update_by`, `update_time`, `remark`) VALUES (1033, '参数删除', 106, 4, '#', '', '', '', 1, 0, 'F', '0', '0', 'system:config:remove', '#', '1', '2025-03-30 16:31:27', '', NULL, '');
INSERT INTO `sys_menu` (`menu_id`, `menu_name`, `parent_id`, `order_num`, `path`, `component`, `query`, `route_name`, `is_frame`, `is_cache`, `menu_type`, `visible`, `status`, `perms`, `icon`, `create_by`, `create_time`, `update_by`, `update_time`, `remark`) VALUES (1034, '参数导出', 106, 5, '#', '', '', '', 1, 0, 'F', '0', '0', 'system:config:export', '#', '1', '2025-03-30 16:31:27', '', NULL, '');
INSERT INTO `sys_menu` (`menu_id`, `menu_name`, `parent_id`, `order_num`, `path`, `component`, `query`, `route_name`, `is_frame`, `is_cache`, `menu_type`, `visible`, `status`, `perms`, `icon`, `create_by`, `create_time`, `update_by`, `update_time`, `remark`) VALUES (1035, '公告查询', 107, 1, '#', '', '', '', 1, 0, 'F', '0', '0', 'system:notice:query', '#', '1', '2025-03-30 16:31:27', '', NULL, '');
INSERT INTO `sys_menu` (`menu_id`, `menu_name`, `parent_id`, `order_num`, `path`, `component`, `query`, `route_name`, `is_frame`, `is_cache`, `menu_type`, `visible`, `status`, `perms`, `icon`, `create_by`, `create_time`, `update_by`, `update_time`, `remark`) VALUES (1036, '公告新增', 107, 2, '#', '', '', '', 1, 0, 'F', '0', '0', 'system:notice:add', '#', '1', '2025-03-30 16:31:27', '', NULL, '');
INSERT INTO `sys_menu` (`menu_id`, `menu_name`, `parent_id`, `order_num`, `path`, `component`, `query`, `route_name`, `is_frame`, `is_cache`, `menu_type`, `visible`, `status`, `perms`, `icon`, `create_by`, `create_time`, `update_by`, `update_time`, `remark`) VALUES (1037, '公告修改', 107, 3, '#', '', '', '', 1, 0, 'F', '0', '0', 'system:notice:edit', '#', '1', '2025-03-30 16:31:27', '', NULL, '');
INSERT INTO `sys_menu` (`menu_id`, `menu_name`, `parent_id`, `order_num`, `path`, `component`, `query`, `route_name`, `is_frame`, `is_cache`, `menu_type`, `visible`, `status`, `perms`, `icon`, `create_by`, `create_time`, `update_by`, `update_time`, `remark`) VALUES (1038, '公告删除', 107, 4, '#', '', '', '', 1, 0, 'F', '0', '0', 'system:notice:remove', '#', '1', '2025-03-30 16:31:27', '', NULL, '');
INSERT INTO `sys_menu` (`menu_id`, `menu_name`, `parent_id`, `order_num`, `path`, `component`, `query`, `route_name`, `is_frame`, `is_cache`, `menu_type`, `visible`, `status`, `perms`, `icon`, `create_by`, `create_time`, `update_by`, `update_time`, `remark`) VALUES (1039, '操作查询', 500, 1, '#', '', '', '', 1, 0, 'F', '0', '0', 'system:operlog:query', '#', '1', '2025-03-30 16:31:27', '', NULL, '');
INSERT INTO `sys_menu` (`menu_id`, `menu_name`, `parent_id`, `order_num`, `path`, `component`, `query`, `route_name`, `is_frame`, `is_cache`, `menu_type`, `visible`, `status`, `perms`, `icon`, `create_by`, `create_time`, `update_by`, `update_time`, `remark`) VALUES (1040, '操作删除', 500, 2, '#', '', '', '', 1, 0, 'F', '0', '0', 'system:operlog:remove', '#', '1', '2025-03-30 16:31:27', '', NULL, '');
INSERT INTO `sys_menu` (`menu_id`, `menu_name`, `parent_id`, `order_num`, `path`, `component`, `query`, `route_name`, `is_frame`, `is_cache`, `menu_type`, `visible`, `status`, `perms`, `icon`, `create_by`, `create_time`, `update_by`, `update_time`, `remark`) VALUES (1041, '日志导出', 500, 3, '#', '', '', '', 1, 0, 'F', '0', '0', 'system:operlog:export', '#', '1', '2025-03-30 16:31:27', '', NULL, '');
INSERT INTO `sys_menu` (`menu_id`, `menu_name`, `parent_id`, `order_num`, `path`, `component`, `query`, `route_name`, `is_frame`, `is_cache`, `menu_type`, `visible`, `status`, `perms`, `icon`, `create_by`, `create_time`, `update_by`, `update_time`, `remark`) VALUES (1042, '登录查询', 501, 1, '#', '', '', '', 1, 0, 'F', '0', '0', 'system:logininfor:query', '#', '1', '2025-03-30 16:31:27', '', NULL, '');
INSERT INTO `sys_menu` (`menu_id`, `menu_name`, `parent_id`, `order_num`, `path`, `component`, `query`, `route_name`, `is_frame`, `is_cache`, `menu_type`, `visible`, `status`, `perms`, `icon`, `create_by`, `create_time`, `update_by`, `update_time`, `remark`) VALUES (1043, '登录删除', 501, 2, '#', '', '', '', 1, 0, 'F', '0', '0', 'system:logininfor:remove', '#', '1', '2025-03-30 16:31:27', '', NULL, '');
INSERT INTO `sys_menu` (`menu_id`, `menu_name`, `parent_id`, `order_num`, `path`, `component`, `query`, `route_name`, `is_frame`, `is_cache`, `menu_type`, `visible`, `status`, `perms`, `icon`, `create_by`, `create_time`, `update_by`, `update_time`, `remark`) VALUES (1044, '日志导出', 501, 3, '#', '', '', '', 1, 0, 'F', '0', '0', 'system:logininfor:export', '#', '1', '2025-03-30 16:31:27', '', NULL, '');
INSERT INTO `sys_menu` (`menu_id`, `menu_name`, `parent_id`, `order_num`, `path`, `component`, `query`, `route_name`, `is_frame`, `is_cache`, `menu_type`, `visible`, `status`, `perms`, `icon`, `create_by`, `create_time`, `update_by`, `update_time`, `remark`) VALUES (1045, '账户解锁', 501, 4, '#', '', '', '', 1, 0, 'F', '0', '0', 'system:logininfor:unlock', '#', '1', '2025-03-30 16:31:27', '', NULL, '');
INSERT INTO `sys_menu` (`menu_id`, `menu_name`, `parent_id`, `order_num`, `path`, `component`, `query`, `route_name`, `is_frame`, `is_cache`, `menu_type`, `visible`, `status`, `perms`, `icon`, `create_by`, `create_time`, `update_by`, `update_time`, `remark`) VALUES (1046, '在线查询', 109, 1, '#', '', '', '', 1, 0, 'F', '0', '0', 'monitor:online:query', '#', '1', '2025-03-30 16:31:28', '', NULL, '');
INSERT INTO `sys_menu` (`menu_id`, `menu_name`, `parent_id`, `order_num`, `path`, `component`, `query`, `route_name`, `is_frame`, `is_cache`, `menu_type`, `visible`, `status`, `perms`, `icon`, `create_by`, `create_time`, `update_by`, `update_time`, `remark`) VALUES (1047, '批量强退', 109, 2, '#', '', '', '', 1, 0, 'F', '0', '0', 'monitor:online:batchLogout', '#', '1', '2025-03-30 16:31:28', '', NULL, '');
INSERT INTO `sys_menu` (`menu_id`, `menu_name`, `parent_id`, `order_num`, `path`, `component`, `query`, `route_name`, `is_frame`, `is_cache`, `menu_type`, `visible`, `status`, `perms`, `icon`, `create_by`, `create_time`, `update_by`, `update_time`, `remark`) VALUES (1048, '单条强退', 109, 3, '#', '', '', '', 1, 0, 'F', '0', '0', 'monitor:online:forceLogout', '#', '1', '2025-03-30 16:31:28', '', NULL, '');
INSERT INTO `sys_menu` (`menu_id`, `menu_name`, `parent_id`, `order_num`, `path`, `component`, `query`, `route_name`, `is_frame`, `is_cache`, `menu_type`, `visible`, `status`, `perms`, `icon`, `create_by`, `create_time`, `update_by`, `update_time`, `remark`) VALUES (1049, '任务查询', 110, 1, '#', '', '', '', 1, 0, 'F', '0', '0', 'monitor:job:query', '#', '1', '2025-03-30 16:31:28', '', NULL, '');
INSERT INTO `sys_menu` (`menu_id`, `menu_name`, `parent_id`, `order_num`, `path`, `component`, `query`, `route_name`, `is_frame`, `is_cache`, `menu_type`, `visible`, `status`, `perms`, `icon`, `create_by`, `create_time`, `update_by`, `update_time`, `remark`) VALUES (1050, '任务新增', 110, 2, '#', '', '', '', 1, 0, 'F', '0', '0', 'monitor:job:add', '#', '1', '2025-03-30 16:31:28', '', NULL, '');
INSERT INTO `sys_menu` (`menu_id`, `menu_name`, `parent_id`, `order_num`, `path`, `component`, `query`, `route_name`, `is_frame`, `is_cache`, `menu_type`, `visible`, `status`, `perms`, `icon`, `create_by`, `create_time`, `update_by`, `update_time`, `remark`) VALUES (1051, '任务修改', 110, 3, '#', '', '', '', 1, 0, 'F', '0', '0', 'monitor:job:edit', '#', '1', '2025-03-30 16:31:28', '', NULL, '');
INSERT INTO `sys_menu` (`menu_id`, `menu_name`, `parent_id`, `order_num`, `path`, `component`, `query`, `route_name`, `is_frame`, `is_cache`, `menu_type`, `visible`, `status`, `perms`, `icon`, `create_by`, `create_time`, `update_by`, `update_time`, `remark`) VALUES (1052, '任务删除', 110, 4, '#', '', '', '', 1, 0, 'F', '0', '0', 'monitor:job:remove', '#', '1', '2025-03-30 16:31:28', '', NULL, '');
INSERT INTO `sys_menu` (`menu_id`, `menu_name`, `parent_id`, `order_num`, `path`, `component`, `query`, `route_name`, `is_frame`, `is_cache`, `menu_type`, `visible`, `status`, `perms`, `icon`, `create_by`, `create_time`, `update_by`, `update_time`, `remark`) VALUES (1053, '状态修改', 110, 5, '#', '', '', '', 1, 0, 'F', '0', '0', 'monitor:job:changeStatus', '#', '1', '2025-03-30 16:31:28', '', NULL, '');
INSERT INTO `sys_menu` (`menu_id`, `menu_name`, `parent_id`, `order_num`, `path`, `component`, `query`, `route_name`, `is_frame`, `is_cache`, `menu_type`, `visible`, `status`, `perms`, `icon`, `create_by`, `create_time`, `update_by`, `update_time`, `remark`) VALUES (1054, '任务导出', 110, 6, '#', '', '', '', 1, 0, 'F', '0', '0', 'monitor:job:export', '#', '1', '2025-03-30 16:31:28', '', NULL, '');
INSERT INTO `sys_menu` (`menu_id`, `menu_name`, `parent_id`, `order_num`, `path`, `component`, `query`, `route_name`, `is_frame`, `is_cache`, `menu_type`, `visible`, `status`, `perms`, `icon`, `create_by`, `create_time`, `update_by`, `update_time`, `remark`) VALUES (1055, '生成查询', 115, 1, '#', '', '', '', 1, 0, 'F', '0', '0', 'tool:gen:query', '#', '1', '2025-03-30 16:31:28', '', NULL, '');
INSERT INTO `sys_menu` (`menu_id`, `menu_name`, `parent_id`, `order_num`, `path`, `component`, `query`, `route_name`, `is_frame`, `is_cache`, `menu_type`, `visible`, `status`, `perms`, `icon`, `create_by`, `create_time`, `update_by`, `update_time`, `remark`) VALUES (1056, '生成修改', 115, 2, '#', '', '', '', 1, 0, 'F', '0', '0', 'tool:gen:edit', '#', '1', '2025-03-30 16:31:28', '', NULL, '');
INSERT INTO `sys_menu` (`menu_id`, `menu_name`, `parent_id`, `order_num`, `path`, `component`, `query`, `route_name`, `is_frame`, `is_cache`, `menu_type`, `visible`, `status`, `perms`, `icon`, `create_by`, `create_time`, `update_by`, `update_time`, `remark`) VALUES (1057, '生成删除', 115, 3, '#', '', '', '', 1, 0, 'F', '0', '0', 'tool:gen:remove', '#', '1', '2025-03-30 16:31:28', '', NULL, '');
INSERT INTO `sys_menu` (`menu_id`, `menu_name`, `parent_id`, `order_num`, `path`, `component`, `query`, `route_name`, `is_frame`, `is_cache`, `menu_type`, `visible`, `status`, `perms`, `icon`, `create_by`, `create_time`, `update_by`, `update_time`, `remark`) VALUES (1058, '导入代码', 115, 2, '#', '', '', '', 1, 0, 'F', '0', '0', 'tool:gen:import', '#', '1', '2025-03-30 16:31:28', '', NULL, '');
INSERT INTO `sys_menu` (`menu_id`, `menu_name`, `parent_id`, `order_num`, `path`, `component`, `query`, `route_name`, `is_frame`, `is_cache`, `menu_type`, `visible`, `status`, `perms`, `icon`, `create_by`, `create_time`, `update_by`, `update_time`, `remark`) VALUES (1059, '预览代码', 115, 4, '#', '', '', '', 1, 0, 'F', '0', '0', 'tool:gen:preview', '#', '1', '2025-03-30 16:31:28', '', NULL, '');
INSERT INTO `sys_menu` (`menu_id`, `menu_name`, `parent_id`, `order_num`, `path`, `component`, `query`, `route_name`, `is_frame`, `is_cache`, `menu_type`, `visible`, `status`, `perms`, `icon`, `create_by`, `create_time`, `update_by`, `update_time`, `remark`) VALUES (1060, '生成代码', 115, 5, '#', '', '', '', 1, 0, 'F', '0', '0', 'tool:gen:code', '#', '1', '2025-03-30 16:31:28', '', NULL, '');
INSERT INTO `sys_menu` (`menu_id`, `menu_name`, `parent_id`, `order_num`, `path`, `component`, `query`, `route_name`, `is_frame`, `is_cache`, `menu_type`, `visible`, `status`, `perms`, `icon`, `create_by`, `create_time`, `update_by`, `update_time`, `remark`) VALUES (2000, '广告模块', 0, 1, 'adm', NULL, NULL, '', 1, 0, 'M', '0', '0', '', 'tree-table', '', '2025-04-02 12:00:07', '', '2025-04-02 12:00:38', '');
INSERT INTO `sys_menu` (`menu_id`, `menu_name`, `parent_id`, `order_num`, `path`, `component`, `query`, `route_name`, `is_frame`, `is_cache`, `menu_type`, `visible`, `status`, `perms`, `icon`, `create_by`, `create_time`, `update_by`, `update_time`, `remark`) VALUES (2001, '项目管理', 2000, 1, '/adm/projectInfo/index', 'adm/projectInfo', NULL, '', 1, 0, 'C', '0', '0', 'adm:projectInfo:list', 'list', '', '2025-04-02 12:01:46', '', '2025-04-02 12:15:52', '');
INSERT INTO `sys_menu` (`menu_id`, `menu_name`, `parent_id`, `order_num`, `path`, `component`, `query`, `route_name`, `is_frame`, `is_cache`, `menu_type`, `visible`, `status`, `perms`, `icon`, `create_by`, `create_time`, `update_by`, `update_time`, `remark`) VALUES (2002, '项目渠道管理', 2000, 2, 'adm/channelInfo', 'adm/channelInfo/index', NULL, '', 1, 0, 'C', '0', '0', 'adm:channelInfo:list', 'dict', '', '2025-04-02 17:59:37', '', NULL, '');
INSERT INTO `sys_menu` (`menu_id`, `menu_name`, `parent_id`, `order_num`, `path`, `component`, `query`, `route_name`, `is_frame`, `is_cache`, `menu_type`, `visible`, `status`, `perms`, `icon`, `create_by`, `create_time`, `update_by`, `update_time`, `remark`) VALUES (2003, '商务每日报表', 2000, 3, 'adm/busiReport', 'adm/busiReport/index', NULL, '', 1, 0, 'C', '0', '0', 'adm:busiReport:list', 'chart', '', '2025-04-02 18:01:49', '', NULL, '');
INSERT INTO `sys_menu` (`menu_id`, `menu_name`, `parent_id`, `order_num`, `path`, `component`, `query`, `route_name`, `is_frame`, `is_cache`, `menu_type`, `visible`, `status`, `perms`, `icon`, `create_by`, `create_time`, `update_by`, `update_time`, `remark`) VALUES (2004, 'BM列表', 2000, 4, 'adm/bmInfo', 'adm/bmInfo/index', NULL, '', 1, 0, 'C', '0', '0', 'adm:bmInfo:list', 'job', '', '2025-04-02 18:04:12', '', NULL, '');
INSERT INTO `sys_menu` (`menu_id`, `menu_name`, `parent_id`, `order_num`, `path`, `component`, `query`, `route_name`, `is_frame`, `is_cache`, `menu_type`, `visible`, `status`, `perms`, `icon`, `create_by`, `create_time`, `update_by`, `update_time`, `remark`) VALUES (2005, '广告个号管理', 2000, 5, 'adm/platAccount', 'adm/platAccount/index', NULL, '', 1, 0, 'C', '0', '0', 'adm:platAccount:list', 'peoples', '', '2025-04-02 18:06:20', '', NULL, '');
INSERT INTO `sys_menu` (`menu_id`, `menu_name`, `parent_id`, `order_num`, `path`, `component`, `query`, `route_name`, `is_frame`, `is_cache`, `menu_type`, `visible`, `status`, `perms`, `icon`, `create_by`, `create_time`, `update_by`, `update_time`, `remark`) VALUES (2006, '广告账户列表', 2000, 6, 'adm/actInfo', 'adm/actInfo/index', NULL, '', 1, 0, 'C', '0', '0', 'adm:actInfo:list', 'logininfor', '', '2025-04-02 18:07:44', '', NULL, '');
INSERT INTO `sys_menu` (`menu_id`, `menu_name`, `parent_id`, `order_num`, `path`, `component`, `query`, `route_name`, `is_frame`, `is_cache`, `menu_type`, `visible`, `status`, `perms`, `icon`, `create_by`, `create_time`, `update_by`, `update_time`, `remark`) VALUES (2007, '优化每日报表', 2000, 7, 'adm/optReport', 'adm/optReport/index', NULL, '', 1, 0, 'C', '0', '0', 'adm:optReport:list', '#', '', '2025-04-02 18:09:59', '', NULL, '');
INSERT INTO `sys_menu` (`menu_id`, `menu_name`, `parent_id`, `order_num`, `path`, `component`, `query`, `route_name`, `is_frame`, `is_cache`, `menu_type`, `visible`, `status`, `perms`, `icon`, `create_by`, `create_time`, `update_by`, `update_time`, `remark`) VALUES (2008, '落地页模块', 0, 1, 'landing', NULL, NULL, '', 1, 0, 'M', '0', '0', '', 'github', '', '2025-04-12 16:46:22', '', '2025-04-12 16:51:15', '');
INSERT INTO `sys_menu` (`menu_id`, `menu_name`, `parent_id`, `order_num`, `path`, `component`, `query`, `route_name`, `is_frame`, `is_cache`, `menu_type`, `visible`, `status`, `perms`, `icon`, `create_by`, `create_time`, `update_by`, `update_time`, `remark`) VALUES (2009, '域名管理', 2008, 1, '/landing/siteDomain/index', 'landing/siteDomain', NULL, '', 1, 0, 'C', '0', '0', 'landing:siteDomain:list', 'international', '', '2025-04-12 16:48:09', '', '2025-04-12 16:57:42', '');
INSERT INTO `sys_menu` (`menu_id`, `menu_name`, `parent_id`, `order_num`, `path`, `component`, `query`, `route_name`, `is_frame`, `is_cache`, `menu_type`, `visible`, `status`, `perms`, `icon`, `create_by`, `create_time`, `update_by`, `update_time`, `remark`) VALUES (2010, '落地页', 2008, 2, '/landing/webLanding', 'landing/webLanding/index', NULL, '', 1, 0, 'C', '0', '0', 'landing:webLanding:list', 'github', '', '2025-04-12 16:50:17', '', '2025-04-12 16:57:33', '');
INSERT INTO `sys_menu` (`menu_id`, `menu_name`, `parent_id`, `order_num`, `path`, `component`, `query`, `route_name`, `is_frame`, `is_cache`, `menu_type`, `visible`, `status`, `perms`, `icon`, `create_by`, `create_time`, `update_by`, `update_time`, `remark`) VALUES (2011, '文件列表', 2008, 1, '/landing/fileMaterial', 'landing/fileMaterial/index', NULL, '', 1, 0, 'C', '0', '0', 'landing:fileMaterial:list', 'documentation', '', '2025-04-14 19:09:22', '', '2025-04-15 13:42:26', '');
COMMIT;

-- ----------------------------
-- Table structure for sys_notice
-- ----------------------------
DROP TABLE IF EXISTS `sys_notice`;
CREATE TABLE `sys_notice` (
  `notice_id` int NOT NULL AUTO_INCREMENT COMMENT '公告ID',
  `notice_title` varchar(50) COLLATE utf8mb4_general_ci NOT NULL COMMENT '公告标题',
  `notice_type` char(1) COLLATE utf8mb4_general_ci NOT NULL COMMENT '公告类型（1通知 2公告）',
  `notice_content` longblob COMMENT '公告内容',
  `status` char(1) COLLATE utf8mb4_general_ci DEFAULT '0' COMMENT '公告状态（0正常 1关闭）',
  `create_by` varchar(64) COLLATE utf8mb4_general_ci DEFAULT '' COMMENT '创建者',
  `create_time` datetime DEFAULT NULL COMMENT '创建时间',
  `update_by` varchar(64) COLLATE utf8mb4_general_ci DEFAULT '' COMMENT '更新者',
  `update_time` datetime DEFAULT NULL COMMENT '更新时间',
  `remark` varchar(255) COLLATE utf8mb4_general_ci DEFAULT NULL COMMENT '备注',
  `del_flag` tinyint DEFAULT '0' COMMENT '逻辑删除状态， 1 -> 已删除, 0 有效中',
  PRIMARY KEY (`notice_id`)
) ENGINE=InnoDB AUTO_INCREMENT=10 DEFAULT CHARSET=utf8mb4 COLLATE=utf8mb4_general_ci COMMENT='通知公告表';

-- ----------------------------
-- Records of sys_notice
-- ----------------------------
BEGIN;
INSERT INTO `sys_notice` (`notice_id`, `notice_title`, `notice_type`, `notice_content`, `status`, `create_by`, `create_time`, `update_by`, `update_time`, `remark`, `del_flag`) VALUES (1, '温馨提醒：2018-07-01 若依新版本发布啦', '2', 0xE696B0E78988E69CACE58685E5AEB9, '0', '1', '2025-03-30 16:31:35', '', NULL, '管理员', 0);
INSERT INTO `sys_notice` (`notice_id`, `notice_title`, `notice_type`, `notice_content`, `status`, `create_by`, `create_time`, `update_by`, `update_time`, `remark`, `del_flag`) VALUES (2, '维护通知：2018-07-01 若依系统凌晨维护', '1', 0x3C703EE7BBB4E68AA4E58685E5AEB9737373733C2F703E, '0', '1', '2025-03-30 16:31:35', NULL, '2025-04-01 16:17:47', '管理员', 0);
COMMIT;

-- ----------------------------
-- Table structure for sys_oper_log
-- ----------------------------
DROP TABLE IF EXISTS `sys_oper_log`;
CREATE TABLE `sys_oper_log` (
  `oper_id` bigint NOT NULL AUTO_INCREMENT COMMENT '日志主键',
  `title` varchar(50) COLLATE utf8mb4_general_ci DEFAULT '' COMMENT '模块标题',
  `business_type` int DEFAULT '0' COMMENT '业务类型（0其它 1新增 2修改 3删除）',
  `method` varchar(200) COLLATE utf8mb4_general_ci DEFAULT '' COMMENT '方法名称',
  `request_method` varchar(10) COLLATE utf8mb4_general_ci DEFAULT '' COMMENT '请求方式',
  `operator_type` int DEFAULT '0' COMMENT '操作类别（0其它 1后台用户 2手机端用户）',
  `oper_name` varchar(50) COLLATE utf8mb4_general_ci DEFAULT '' COMMENT '操作人员',
  `dept_name` varchar(50) COLLATE utf8mb4_general_ci DEFAULT '' COMMENT '部门名称',
  `oper_url` varchar(255) COLLATE utf8mb4_general_ci DEFAULT '' COMMENT '请求URL',
  `oper_ip` varchar(128) COLLATE utf8mb4_general_ci DEFAULT '' COMMENT '主机地址',
  `oper_location` varchar(255) COLLATE utf8mb4_general_ci DEFAULT '' COMMENT '操作地点',
  `oper_param` varchar(2000) COLLATE utf8mb4_general_ci DEFAULT '' COMMENT '请求参数',
  `json_result` varchar(2000) COLLATE utf8mb4_general_ci DEFAULT '' COMMENT '返回参数',
  `status` int DEFAULT '0' COMMENT '操作状态（0正常 1异常）',
  `error_msg` varchar(2000) COLLATE utf8mb4_general_ci DEFAULT '' COMMENT '错误消息',
  `oper_time` datetime DEFAULT NULL COMMENT '操作时间',
  `cost_time` bigint DEFAULT '0' COMMENT '消耗时间',
  PRIMARY KEY (`oper_id`),
  KEY `idx_sys_oper_log_bt` (`business_type`),
  KEY `idx_sys_oper_log_s` (`status`),
  KEY `idx_sys_oper_log_ot` (`oper_time`)
) ENGINE=InnoDB AUTO_INCREMENT=1912055159552851971 DEFAULT CHARSET=utf8mb4 COLLATE=utf8mb4_general_ci COMMENT='操作日志记录';


-- ----------------------------
-- Table structure for sys_post
-- ----------------------------
DROP TABLE IF EXISTS `sys_post`;
CREATE TABLE `sys_post` (
  `post_id` bigint NOT NULL AUTO_INCREMENT COMMENT '岗位ID',
  `post_code` varchar(64) COLLATE utf8mb4_general_ci NOT NULL COMMENT '岗位编码',
  `post_name` varchar(50) COLLATE utf8mb4_general_ci NOT NULL COMMENT '岗位名称',
  `post_sort` int NOT NULL COMMENT '显示顺序',
  `status` char(1) COLLATE utf8mb4_general_ci NOT NULL COMMENT '状态（0正常 1停用）',
  `create_by` varchar(64) COLLATE utf8mb4_general_ci DEFAULT '' COMMENT '创建者',
  `create_time` datetime DEFAULT NULL COMMENT '创建时间',
  `update_by` varchar(64) COLLATE utf8mb4_general_ci DEFAULT '' COMMENT '更新者',
  `update_time` datetime DEFAULT NULL COMMENT '更新时间',
  `remark` varchar(500) COLLATE utf8mb4_general_ci DEFAULT NULL COMMENT '备注',
  `del_flag` tinyint DEFAULT '0' COMMENT '逻辑删除状态， 1 -> 已删除, 0 有效中',
  PRIMARY KEY (`post_id`)
) ENGINE=InnoDB AUTO_INCREMENT=5 DEFAULT CHARSET=utf8mb4 COLLATE=utf8mb4_general_ci COMMENT='岗位信息表';

-- ----------------------------
-- Records of sys_post
-- ----------------------------
BEGIN;
INSERT INTO `sys_post` (`post_id`, `post_code`, `post_name`, `post_sort`, `status`, `create_by`, `create_time`, `update_by`, `update_time`, `remark`, `del_flag`) VALUES (1, 'ceo', '董事长', 1, '0', '1', '2025-03-30 16:31:24', '', NULL, '', 0);
INSERT INTO `sys_post` (`post_id`, `post_code`, `post_name`, `post_sort`, `status`, `create_by`, `create_time`, `update_by`, `update_time`, `remark`, `del_flag`) VALUES (2, 'se', '项目经理', 2, '0', '1', '2025-03-30 16:31:24', '', NULL, '', 0);
INSERT INTO `sys_post` (`post_id`, `post_code`, `post_name`, `post_sort`, `status`, `create_by`, `create_time`, `update_by`, `update_time`, `remark`, `del_flag`) VALUES (3, 'hr', '人力资源', 3, '0', '1', '2025-03-30 16:31:25', '', NULL, '', 0);
INSERT INTO `sys_post` (`post_id`, `post_code`, `post_name`, `post_sort`, `status`, `create_by`, `create_time`, `update_by`, `update_time`, `remark`, `del_flag`) VALUES (4, 'user', '普通员工', 4, '0', '1', '2025-03-30 16:31:25', '', NULL, '', 0);
COMMIT;

-- ----------------------------
-- Table structure for sys_role
-- ----------------------------
DROP TABLE IF EXISTS `sys_role`;
CREATE TABLE `sys_role` (
  `role_id` bigint NOT NULL AUTO_INCREMENT COMMENT '角色ID',
  `role_name` varchar(30) COLLATE utf8mb4_general_ci NOT NULL COMMENT '角色名称',
  `role_key` varchar(100) COLLATE utf8mb4_general_ci NOT NULL COMMENT '角色权限字符串',
  `role_sort` int NOT NULL COMMENT '显示顺序',
  `data_scope` char(1) COLLATE utf8mb4_general_ci DEFAULT '1' COMMENT '数据范围（1：全部数据权限 2：自定数据权限 3：本部门数据权限 4：本部门及以下数据权限）',
  `menu_check_strictly` tinyint(1) DEFAULT '1' COMMENT '菜单树选择项是否关联显示',
  `dept_check_strictly` tinyint(1) DEFAULT '1' COMMENT '部门树选择项是否关联显示',
  `status` char(1) COLLATE utf8mb4_general_ci NOT NULL COMMENT '角色状态（0正常 1停用）',
  `del_flag` char(1) COLLATE utf8mb4_general_ci DEFAULT '0' COMMENT '删除标志（0代表存在 2代表删除）',
  `create_by` varchar(64) COLLATE utf8mb4_general_ci DEFAULT '' COMMENT '创建者',
  `create_time` datetime DEFAULT NULL COMMENT '创建时间',
  `update_by` varchar(64) COLLATE utf8mb4_general_ci DEFAULT '' COMMENT '更新者',
  `update_time` datetime DEFAULT NULL COMMENT '更新时间',
  `remark` varchar(500) COLLATE utf8mb4_general_ci DEFAULT NULL COMMENT '备注',
  PRIMARY KEY (`role_id`)
) ENGINE=InnoDB AUTO_INCREMENT=1910988083694219266 DEFAULT CHARSET=utf8mb4 COLLATE=utf8mb4_general_ci COMMENT='角色信息表';

-- ----------------------------
-- Records of sys_role
-- ----------------------------
BEGIN;
INSERT INTO `sys_role` (`role_id`, `role_name`, `role_key`, `role_sort`, `data_scope`, `menu_check_strictly`, `dept_check_strictly`, `status`, `del_flag`, `create_by`, `create_time`, `update_by`, `update_time`, `remark`) VALUES (1, '超级管理员', 'admin', 1, '1', 1, 1, '0', '0', '1', '2025-03-30 16:31:25', '', NULL, '超级管理员');
INSERT INTO `sys_role` (`role_id`, `role_name`, `role_key`, `role_sort`, `data_scope`, `menu_check_strictly`, `dept_check_strictly`, `status`, `del_flag`, `create_by`, `create_time`, `update_by`, `update_time`, `remark`) VALUES (2, '普通角色', 'common', 2, '2', 1, 1, '0', '0', '1', '2025-03-30 16:31:25', NULL, '2025-04-01 15:56:09', '普通角色');
INSERT INTO `sys_role` (`role_id`, `role_name`, `role_key`, `role_sort`, `data_scope`, `menu_check_strictly`, `dept_check_strictly`, `status`, `del_flag`, `create_by`, `create_time`, `update_by`, `update_time`, `remark`) VALUES (1910988083690024962, '落地页角色', 'landingRole', 3, '1', 1, 1, '0', '0', '1', '2025-04-12 17:27:18', NULL, '2025-04-12 17:35:46', NULL);
INSERT INTO `sys_role` (`role_id`, `role_name`, `role_key`, `role_sort`, `data_scope`, `menu_check_strictly`, `dept_check_strictly`, `status`, `del_flag`, `create_by`, `create_time`, `update_by`, `update_time`, `remark`) VALUES (1910988083694219265, '落地页角色', 'landingRole', 3, '1', 1, 1, '0', '2', '1', '2025-04-12 17:27:18', '', NULL, NULL);
COMMIT;

-- ----------------------------
-- Table structure for sys_role_dept
-- ----------------------------
DROP TABLE IF EXISTS `sys_role_dept`;
CREATE TABLE `sys_role_dept` (
  `role_id` bigint NOT NULL COMMENT '角色ID',
  `dept_id` bigint NOT NULL COMMENT '部门ID',
  PRIMARY KEY (`role_id`,`dept_id`)
) ENGINE=InnoDB DEFAULT CHARSET=utf8mb4 COLLATE=utf8mb4_general_ci COMMENT='角色和部门关联表';

-- ----------------------------
-- Records of sys_role_dept
-- ----------------------------
BEGIN;
INSERT INTO `sys_role_dept` (`role_id`, `dept_id`) VALUES (2, 100);
INSERT INTO `sys_role_dept` (`role_id`, `dept_id`) VALUES (2, 101);
INSERT INTO `sys_role_dept` (`role_id`, `dept_id`) VALUES (2, 105);
COMMIT;

-- ----------------------------
-- Table structure for sys_role_menu
-- ----------------------------
DROP TABLE IF EXISTS `sys_role_menu`;
CREATE TABLE `sys_role_menu` (
  `role_id` bigint NOT NULL COMMENT '角色ID',
  `menu_id` bigint NOT NULL COMMENT '菜单ID',
  PRIMARY KEY (`role_id`,`menu_id`)
) ENGINE=InnoDB DEFAULT CHARSET=utf8mb4 COLLATE=utf8mb4_general_ci COMMENT='角色和菜单关联表';

-- ----------------------------
-- Records of sys_role_menu
-- ----------------------------
BEGIN;
INSERT INTO `sys_role_menu` (`role_id`, `menu_id`) VALUES (2, 1);
INSERT INTO `sys_role_menu` (`role_id`, `menu_id`) VALUES (2, 2);
INSERT INTO `sys_role_menu` (`role_id`, `menu_id`) VALUES (2, 3);
INSERT INTO `sys_role_menu` (`role_id`, `menu_id`) VALUES (2, 4);
INSERT INTO `sys_role_menu` (`role_id`, `menu_id`) VALUES (2, 100);
INSERT INTO `sys_role_menu` (`role_id`, `menu_id`) VALUES (2, 101);
INSERT INTO `sys_role_menu` (`role_id`, `menu_id`) VALUES (2, 102);
INSERT INTO `sys_role_menu` (`role_id`, `menu_id`) VALUES (2, 103);
INSERT INTO `sys_role_menu` (`role_id`, `menu_id`) VALUES (2, 104);
INSERT INTO `sys_role_menu` (`role_id`, `menu_id`) VALUES (2, 105);
INSERT INTO `sys_role_menu` (`role_id`, `menu_id`) VALUES (2, 106);
INSERT INTO `sys_role_menu` (`role_id`, `menu_id`) VALUES (2, 107);
INSERT INTO `sys_role_menu` (`role_id`, `menu_id`) VALUES (2, 108);
INSERT INTO `sys_role_menu` (`role_id`, `menu_id`) VALUES (2, 109);
INSERT INTO `sys_role_menu` (`role_id`, `menu_id`) VALUES (2, 110);
INSERT INTO `sys_role_menu` (`role_id`, `menu_id`) VALUES (2, 111);
INSERT INTO `sys_role_menu` (`role_id`, `menu_id`) VALUES (2, 112);
INSERT INTO `sys_role_menu` (`role_id`, `menu_id`) VALUES (2, 113);
INSERT INTO `sys_role_menu` (`role_id`, `menu_id`) VALUES (2, 114);
INSERT INTO `sys_role_menu` (`role_id`, `menu_id`) VALUES (2, 115);
INSERT INTO `sys_role_menu` (`role_id`, `menu_id`) VALUES (2, 116);
INSERT INTO `sys_role_menu` (`role_id`, `menu_id`) VALUES (2, 500);
INSERT INTO `sys_role_menu` (`role_id`, `menu_id`) VALUES (2, 501);
INSERT INTO `sys_role_menu` (`role_id`, `menu_id`) VALUES (2, 1000);
INSERT INTO `sys_role_menu` (`role_id`, `menu_id`) VALUES (2, 1001);
INSERT INTO `sys_role_menu` (`role_id`, `menu_id`) VALUES (2, 1002);
INSERT INTO `sys_role_menu` (`role_id`, `menu_id`) VALUES (2, 1003);
INSERT INTO `sys_role_menu` (`role_id`, `menu_id`) VALUES (2, 1004);
INSERT INTO `sys_role_menu` (`role_id`, `menu_id`) VALUES (2, 1005);
INSERT INTO `sys_role_menu` (`role_id`, `menu_id`) VALUES (2, 1006);
INSERT INTO `sys_role_menu` (`role_id`, `menu_id`) VALUES (2, 1007);
INSERT INTO `sys_role_menu` (`role_id`, `menu_id`) VALUES (2, 1008);
INSERT INTO `sys_role_menu` (`role_id`, `menu_id`) VALUES (2, 1009);
INSERT INTO `sys_role_menu` (`role_id`, `menu_id`) VALUES (2, 1010);
INSERT INTO `sys_role_menu` (`role_id`, `menu_id`) VALUES (2, 1011);
INSERT INTO `sys_role_menu` (`role_id`, `menu_id`) VALUES (2, 1012);
INSERT INTO `sys_role_menu` (`role_id`, `menu_id`) VALUES (2, 1013);
INSERT INTO `sys_role_menu` (`role_id`, `menu_id`) VALUES (2, 1014);
INSERT INTO `sys_role_menu` (`role_id`, `menu_id`) VALUES (2, 1015);
INSERT INTO `sys_role_menu` (`role_id`, `menu_id`) VALUES (2, 1016);
INSERT INTO `sys_role_menu` (`role_id`, `menu_id`) VALUES (2, 1017);
INSERT INTO `sys_role_menu` (`role_id`, `menu_id`) VALUES (2, 1018);
INSERT INTO `sys_role_menu` (`role_id`, `menu_id`) VALUES (2, 1019);
INSERT INTO `sys_role_menu` (`role_id`, `menu_id`) VALUES (2, 1020);
INSERT INTO `sys_role_menu` (`role_id`, `menu_id`) VALUES (2, 1021);
INSERT INTO `sys_role_menu` (`role_id`, `menu_id`) VALUES (2, 1022);
INSERT INTO `sys_role_menu` (`role_id`, `menu_id`) VALUES (2, 1023);
INSERT INTO `sys_role_menu` (`role_id`, `menu_id`) VALUES (2, 1024);
INSERT INTO `sys_role_menu` (`role_id`, `menu_id`) VALUES (2, 1025);
INSERT INTO `sys_role_menu` (`role_id`, `menu_id`) VALUES (2, 1026);
INSERT INTO `sys_role_menu` (`role_id`, `menu_id`) VALUES (2, 1027);
INSERT INTO `sys_role_menu` (`role_id`, `menu_id`) VALUES (2, 1028);
INSERT INTO `sys_role_menu` (`role_id`, `menu_id`) VALUES (2, 1029);
INSERT INTO `sys_role_menu` (`role_id`, `menu_id`) VALUES (2, 1030);
INSERT INTO `sys_role_menu` (`role_id`, `menu_id`) VALUES (2, 1031);
INSERT INTO `sys_role_menu` (`role_id`, `menu_id`) VALUES (2, 1032);
INSERT INTO `sys_role_menu` (`role_id`, `menu_id`) VALUES (2, 1033);
INSERT INTO `sys_role_menu` (`role_id`, `menu_id`) VALUES (2, 1034);
INSERT INTO `sys_role_menu` (`role_id`, `menu_id`) VALUES (2, 1035);
INSERT INTO `sys_role_menu` (`role_id`, `menu_id`) VALUES (2, 1036);
INSERT INTO `sys_role_menu` (`role_id`, `menu_id`) VALUES (2, 1037);
INSERT INTO `sys_role_menu` (`role_id`, `menu_id`) VALUES (2, 1038);
INSERT INTO `sys_role_menu` (`role_id`, `menu_id`) VALUES (2, 1039);
INSERT INTO `sys_role_menu` (`role_id`, `menu_id`) VALUES (2, 1040);
INSERT INTO `sys_role_menu` (`role_id`, `menu_id`) VALUES (2, 1041);
INSERT INTO `sys_role_menu` (`role_id`, `menu_id`) VALUES (2, 1042);
INSERT INTO `sys_role_menu` (`role_id`, `menu_id`) VALUES (2, 1043);
INSERT INTO `sys_role_menu` (`role_id`, `menu_id`) VALUES (2, 1044);
INSERT INTO `sys_role_menu` (`role_id`, `menu_id`) VALUES (2, 1045);
INSERT INTO `sys_role_menu` (`role_id`, `menu_id`) VALUES (2, 1046);
INSERT INTO `sys_role_menu` (`role_id`, `menu_id`) VALUES (2, 1047);
INSERT INTO `sys_role_menu` (`role_id`, `menu_id`) VALUES (2, 1048);
INSERT INTO `sys_role_menu` (`role_id`, `menu_id`) VALUES (2, 1049);
INSERT INTO `sys_role_menu` (`role_id`, `menu_id`) VALUES (2, 1050);
INSERT INTO `sys_role_menu` (`role_id`, `menu_id`) VALUES (2, 1051);
INSERT INTO `sys_role_menu` (`role_id`, `menu_id`) VALUES (2, 1052);
INSERT INTO `sys_role_menu` (`role_id`, `menu_id`) VALUES (2, 1053);
INSERT INTO `sys_role_menu` (`role_id`, `menu_id`) VALUES (2, 1054);
INSERT INTO `sys_role_menu` (`role_id`, `menu_id`) VALUES (2, 1055);
INSERT INTO `sys_role_menu` (`role_id`, `menu_id`) VALUES (2, 1056);
INSERT INTO `sys_role_menu` (`role_id`, `menu_id`) VALUES (2, 1057);
INSERT INTO `sys_role_menu` (`role_id`, `menu_id`) VALUES (2, 1058);
INSERT INTO `sys_role_menu` (`role_id`, `menu_id`) VALUES (2, 1059);
INSERT INTO `sys_role_menu` (`role_id`, `menu_id`) VALUES (2, 1060);
INSERT INTO `sys_role_menu` (`role_id`, `menu_id`) VALUES (1910988083690024962, 2008);
INSERT INTO `sys_role_menu` (`role_id`, `menu_id`) VALUES (1910988083690024962, 2009);
INSERT INTO `sys_role_menu` (`role_id`, `menu_id`) VALUES (1910988083690024962, 2010);
COMMIT;

-- ----------------------------
-- Table structure for sys_tenant
-- ----------------------------
DROP TABLE IF EXISTS `sys_tenant`;
CREATE TABLE `sys_tenant` (
  `tenant_id` bigint NOT NULL AUTO_INCREMENT COMMENT '租户ID',
  `tenant_name` varchar(50) CHARACTER SET utf8mb4 COLLATE utf8mb4_general_ci NOT NULL COMMENT '租户名称',
  `del_flag` char(1) CHARACTER SET utf8mb4 COLLATE utf8mb4_general_ci DEFAULT '0' COMMENT '删除标志（0代表存在 2代表删除）',
  `create_by` varchar(64) CHARACTER SET utf8mb4 COLLATE utf8mb4_general_ci DEFAULT '' COMMENT '创建者',
  `create_time` datetime DEFAULT NULL COMMENT '创建时间',
  `update_by` varchar(64) CHARACTER SET utf8mb4 COLLATE utf8mb4_general_ci DEFAULT '' COMMENT '更新者',
  `update_time` datetime DEFAULT NULL COMMENT '更新时间',
  `remark` varchar(500) CHARACTER SET utf8mb4 COLLATE utf8mb4_general_ci DEFAULT NULL COMMENT '备注',
  PRIMARY KEY (`tenant_id`)
) ENGINE=InnoDB AUTO_INCREMENT=100 DEFAULT CHARSET=utf8mb4 COLLATE=utf8mb4_general_ci COMMENT='租户信息表';

-- ----------------------------
-- Records of sys_tenant
-- ----------------------------
BEGIN;
COMMIT;

-- ----------------------------
-- Table structure for sys_user
-- ----------------------------
DROP TABLE IF EXISTS `sys_user`;
CREATE TABLE `sys_user` (
  `user_id` bigint NOT NULL AUTO_INCREMENT COMMENT '用户ID',
  `dept_id` bigint DEFAULT NULL COMMENT '部门ID',
  `user_name` varchar(30) COLLATE utf8mb4_general_ci NOT NULL COMMENT '用户账号',
  `nick_name` varchar(30) COLLATE utf8mb4_general_ci NOT NULL COMMENT '用户昵称',
  `user_type` varchar(2) COLLATE utf8mb4_general_ci DEFAULT '00' COMMENT '用户类型（00系统用户）',
  `email` varchar(50) COLLATE utf8mb4_general_ci DEFAULT '' COMMENT '用户邮箱',
  `phonenumber` varchar(11) COLLATE utf8mb4_general_ci DEFAULT '' COMMENT '手机号码',
  `sex` char(1) COLLATE utf8mb4_general_ci DEFAULT '0' COMMENT '用户性别（0男 1女 2未知）',
  `avatar` varchar(100) COLLATE utf8mb4_general_ci DEFAULT '' COMMENT '头像地址',
  `password` varchar(100) COLLATE utf8mb4_general_ci DEFAULT '' COMMENT '密码',
  `status` char(1) COLLATE utf8mb4_general_ci DEFAULT '0' COMMENT '帐号状态（0正常 1停用）',
  `del_flag` char(1) COLLATE utf8mb4_general_ci DEFAULT '0' COMMENT '删除标志（0代表存在 2代表删除）',
  `login_ip` varchar(128) COLLATE utf8mb4_general_ci DEFAULT '' COMMENT '最后登录IP',
  `login_date` datetime DEFAULT NULL COMMENT '最后登录时间',
  `create_by` varchar(64) COLLATE utf8mb4_general_ci DEFAULT '' COMMENT '创建者',
  `create_time` datetime DEFAULT NULL COMMENT '创建时间',
  `update_by` varchar(64) COLLATE utf8mb4_general_ci DEFAULT '' COMMENT '更新者',
  `update_time` datetime DEFAULT NULL COMMENT '更新时间',
  `remark` varchar(500) COLLATE utf8mb4_general_ci DEFAULT NULL COMMENT '备注',
  `tenant_id` bigint DEFAULT NULL COMMENT '租户id',
  PRIMARY KEY (`user_id`)
) ENGINE=InnoDB AUTO_INCREMENT=101 DEFAULT CHARSET=utf8mb4 COLLATE=utf8mb4_general_ci COMMENT='用户信息表';

-- ----------------------------
-- Records of sys_user
-- ----------------------------
BEGIN;
INSERT INTO `sys_user` (`user_id`, `dept_id`, `user_name`, `nick_name`, `user_type`, `email`, `phonenumber`, `sex`, `avatar`, `password`, `status`, `del_flag`, `login_ip`, `login_date`, `create_by`, `create_time`, `update_by`, `update_time`, `remark`, `tenant_id`) VALUES (1, 103, 'admin', '若依', '00', 'ry@163.com', '15888888888', '1', '', '$2a$10$7JB720yubVSZvUI0rEqK/.VqGOZTH.ulu33dHOiBE8ByOhJIrdAu2', '0', '0', '127.0.0.1', '2025-04-15 21:18:41', '1', '2025-03-30 16:31:24', '', '2025-04-15 21:18:41', '管理员', NULL);
INSERT INTO `sys_user` (`user_id`, `dept_id`, `user_name`, `nick_name`, `user_type`, `email`, `phonenumber`, `sex`, `avatar`, `password`, `status`, `del_flag`, `login_ip`, `login_date`, `create_by`, `create_time`, `update_by`, `update_time`, `remark`, `tenant_id`) VALUES (2, 105, 'ry', '若依', '00', 'ry@qq.com', '15666666666', '1', '', '$2a$10$7JB720yubVSZvUI0rEqK/.VqGOZTH.ulu33dHOiBE8ByOhJIrdAu2', '0', '0', '127.0.0.1', '2025-03-30 16:31:24', '1', '2025-03-30 16:31:24', '', NULL, '测试员', NULL);
INSERT INTO `sys_user` (`user_id`, `dept_id`, `user_name`, `nick_name`, `user_type`, `email`, `phonenumber`, `sex`, `avatar`, `password`, `status`, `del_flag`, `login_ip`, `login_date`, `create_by`, `create_time`, `update_by`, `update_time`, `remark`, `tenant_id`) VALUES (100, 100, 'landingAdmin', '落地页用户', '00', '', '', '0', '', '$2a$10$6W5qfyhjNkxaKhnkcEdCLeu/vkGXIHgD7InhAfZpWz6GSZNnDdUeS', '0', '0', '127.0.0.1', '2025-04-12 18:19:36', '1', '2025-04-12 17:28:54', '', '2025-04-12 18:19:36', NULL, 10001);
COMMIT;

-- ----------------------------
-- Table structure for sys_user_post
-- ----------------------------
DROP TABLE IF EXISTS `sys_user_post`;
CREATE TABLE `sys_user_post` (
  `user_id` bigint NOT NULL COMMENT '用户ID',
  `post_id` bigint NOT NULL COMMENT '岗位ID',
  PRIMARY KEY (`user_id`,`post_id`)
) ENGINE=InnoDB DEFAULT CHARSET=utf8mb4 COLLATE=utf8mb4_general_ci COMMENT='用户与岗位关联表';

-- ----------------------------
-- Records of sys_user_post
-- ----------------------------
BEGIN;
INSERT INTO `sys_user_post` (`user_id`, `post_id`) VALUES (1, 1);
INSERT INTO `sys_user_post` (`user_id`, `post_id`) VALUES (2, 2);
COMMIT;

-- ----------------------------
-- Table structure for sys_user_role
-- ----------------------------
DROP TABLE IF EXISTS `sys_user_role`;
CREATE TABLE `sys_user_role` (
  `user_id` bigint NOT NULL COMMENT '用户ID',
  `role_id` bigint NOT NULL COMMENT '角色ID',
  PRIMARY KEY (`user_id`,`role_id`)
) ENGINE=InnoDB DEFAULT CHARSET=utf8mb4 COLLATE=utf8mb4_general_ci COMMENT='用户和角色关联表';

-- ----------------------------
-- Records of sys_user_role
-- ----------------------------
BEGIN;
INSERT INTO `sys_user_role` (`user_id`, `role_id`) VALUES (1, 1);
INSERT INTO `sys_user_role` (`user_id`, `role_id`) VALUES (2, 2);
INSERT INTO `sys_user_role` (`user_id`, `role_id`) VALUES (100, 1910988083690024962);
COMMIT;

SET FOREIGN_KEY_CHECKS = 1;
